host,interface,ip
x2web01,eth0,168.144.248.99
x2web01,eth0:0,168.144.248.98
x2web01,eth0:1,168.144.248.100
x2web01,eth0:2,168.144.248.101
x2web01,eth0:3,168.144.248.102
x2web01,eth0:4,168.144.248.103
x2web01,eth0:5,168.144.248.104
x2web01,eth0:6,168.144.248.105
x2web01,eth0:7,168.144.248.106
x2web01,eth0:8,168.144.248.107
x2web01,eth0:9,168.144.248.108
x2web01,eth0:10,168.144.248.109
x2web01,eth0:11,168.144.248.110
x2web01,eth0:12,168.144.248.111
x2web01,eth0:13,168.144.248.112
x2web01,eth0:14,168.144.248.113
x2web01,eth0:15,168.144.248.114
x2web01,eth0:16,168.144.248.115
x2web01,eth0:17,168.144.248.116
x2web01,eth0:18,168.144.248.117
x2web01,eth0:19,168.144.248.118
x2web01,eth0:20,168.144.248.119
x2web01,eth0:21,168.144.248.120
x2web01,eth0:22,168.144.248.121
x2web01,eth0:23,168.144.248.122
x2web01,eth0:24,168.144.248.123
x2web01,eth0:25,168.144.248.124
x2web01,eth0:26,168.144.248.125
x2web01,eth0:27,168.144.248.126
x2web02,eth0,168.144.248.66
x2web02,eth0:0,168.144.248.67
x2web02,eth0:1,168.144.248.68
x2web02,eth0:2,168.144.248.69
x2web02,eth0:3,168.144.248.70
x2web02,eth0:4,168.144.248.71
x2web02,eth0:5,168.144.248.72
x2web02,eth0:6,168.144.248.73
x2web02,eth0:7,168.144.248.74
x2web02,eth0:8,168.144.248.75
x2web02,eth0:9,168.144.248.76
x2web02,eth0.10,168.144.248.77
x2web02,eth0:11,168.144.248.78
x2web02,eth0:12,168.144.248.79
x2web02,eth0:13,168.144.248.80
x2web02,eth0:14,168.144.248.81
x2web02,eth0:15,168.144.248.82
x2web02,eth0:16,168.144.248.83
x2web02,eth0:17,168.144.248.84
x2web02,eth0:18,168.144.248.85
x2web02,eth0:19,168.144.248.86
x2web02,eth0:20,168.144.248.87
x2web02,eth0:21,168.144.248.88
x2web02,eth0:22,168.144.248.89
x2web02,eth0:23,168.144.248.90
x2web02,eth0:24,168.144.248.91
x2web02,eth0:25,168.144.248.92
x2web02,eth0:26,168.144.248.93
x2web02,eth0:27,168.144.248.94
x2web03,eth0,168.144.248.35
x2web03,eth0:0,168.144.248.34
x2web03,eth0:1,168.144.248.36
x2web03,eth0:2,168.144.248.37
x2web03,eth0:3,168.144.248.38
x2web03,eth0:4,168.144.248.39
x2web03,eth0:5,168.144.248.40
x2web03,eth0:6,168.144.248.41
x2web03,eth0:7,168.144.248.42
x2web03,eth0:8,168.144.248.43
x2web03,eth0:9,168.144.248.44
x2web03,eth0:10,168.144.248.45
x2web03,eth0:11,168.144.248.46
x2web03,eth0:12,168.144.248.47
x2web03,eth0:13,168.144.248.48
x2web03,eth0:14,168.144.248.49
x2web03,eth0:15,168.144.248.50
x2web03,eth0:16,168.144.248.51
x2web03,eth0:17,168.144.248.52
x2web03,eth0:18,168.144.248.53
x2web03,eth0:19,168.144.248.54
x2web03,eth0:20,168.144.248.55
x2web03,eth0:21,168.144.248.56
x2web03,eth0:22,168.144.248.57
x2web03,eth0:23,168.144.248.58
x2web03,eth0:24,168.144.248.59
x2web03,eth0:25,168.144.248.60
x2web03,eth0:26,168.144.248.61
x2web03,eth0:27,168.144.248.62
x2web04,eth0,168.144.248.3
x2web04,eth0:0,168.144.248.2
x2web04,eth0:1,168.144.248.4
x2web04,eth0:2,168.144.248.5
x2web04,eth0:3,168.144.248.6
x2web04,eth0:4,168.144.248.7
x2web04,eth0:5,168.144.248.8
x2web04,eth0:6,168.144.248.9
x2web04,eth0:7,168.144.248.10
x2web04,eth0:8,168.144.248.11
x2web04,eth0:9,168.144.248.12
x2web04,eth0:10,168.144.248.13
x2web04,eth0:11,168.144.248.14
x2web04,eth0:12,168.144.248.15
x2web04,eth0:13,168.144.248.16
x2web04,eth0:14,168.144.248.17
x2web04,eth0:15,168.144.248.18
x2web04,eth0:16,168.144.248.19
x2web04,eth0:17,168.144.248.20
x2web04,eth0:18,168.144.248.21
x2web04,eth0:19,168.144.248.22
x2web04,eth0:20,168.144.248.23
x2web04,eth0:21,168.144.248.24
x2web04,eth0:22,168.144.248.25
x2web04,eth0:23,168.144.248.26
x2web04,eth0:24,168.144.248.27
x2web04,eth0:25,168.144.248.28
x2web04,eth0:26,168.144.248.29
x2web04,eth0:27,168.144.248.30
x2web05,eth0,168.144.247.227
x2web05,eth0:0,168.144.247.226
x2web05,eth0:1,168.144.247.228
x2web05,eth0:2,168.144.247.229
x2web05,eth0:3,168.144.247.230
x2web05,eth0:4,168.144.247.231
x2web05,eth0:5,168.144.247.232
x2web05,eth0:6,168.144.247.233
x2web05,eth0:7,168.144.247.234
x2web05,eth0:8,168.144.247.235
x2web05,eth0:9,168.144.247.236
x2web05,eth0:10,168.144.247.237
x2web05,eth0:11,168.144.247.238
x2web05,eth0:12,168.144.247.239
x2web05,eth0:13,168.144.247.240
x2web05,eth0:14,168.144.247.241
x2web05,eth0:15,168.144.247.242
x2web05,eth0:16,168.144.247.243
x2web05,eth0:17,168.144.247.244
x2web05,eth0:18,168.144.247.245
x2web05,eth0:19,168.144.247.246
x2web05,eth0:20,168.144.247.247
x2web05,eth0:21,168.144.247.248
x2web05,eth0:22,168.144.247.249
x2web05,eth0:23,168.144.247.250
x2web05,eth0:24,168.144.247.251
x2web05,eth0:25,168.144.247.252
x2web05,eth0:26,168.144.247.253
x2web05,eth0:27,168.144.247.254
x2web06,eth0,168.144.247.195
x2web06,eth0:0,168.144.247.194
x2web06,eth0:1,168.144.247.196
x2web06,eth0:2,168.144.247.197
x2web06,eth0:3,168.144.247.198
x2web06,eth0:4,168.144.247.199
x2web06,eth0:5,168.144.247.200
x2web06,eth0:6,168.144.247.201
x2web06,eth0:7,168.144.247.202
x2web06,eth0:8,168.144.247.203
x2web06,eth0:9,168.144.247.204
x2web06,eth0:10,168.144.247.205
x2web06,eth0:11,168.144.247.206
x2web06,eth0:12,168.144.247.207
x2web06,eth0:13,168.144.247.208
x2web06,eth0:14,168.144.247.209
x2web06,eth0:15,168.144.247.210
x2web06,eth0:16,168.144.247.211
x2web06,eth0:17,168.144.247.212
x2web06,eth0:18,168.144.247.213
x2web06,eth0:19,168.144.247.214
x2web06,eth0:20,168.144.247.215
x2web06,eth0:21,168.144.247.216
x2web06,eth0:22,168.144.247.217
x2web06,eth0:23,168.144.247.218
x2web06,eth0:24,168.144.247.219
x2web06,eth0:25,168.144.247.220
x2web06,eth0:26,168.144.247.221
x2web06,eth0:27,168.144.247.222
x2web07,eth0,168.144.247.163
x2web07,eth0:1,168.144.247.164
x2web07,eth0:2,168.144.247.165
x2web07,eth0:3,168.144.247.166
x2web07,eth0:4,168.144.247.167
x2web07,eth0:5,168.144.247.168
x2web07,eth0:6,168.144.247.169
x2web07,eth0:7,168.144.247.170
x2web07,eth0:8,168.144.247.171
x2web07,eth0:9,168.144.247.172
x2web07,eth0:10,168.144.247.173
x2web07,eth0:11,168.144.247.174
x2web07,eth0:12,168.144.247.175
x2web07,eth0:13,168.144.247.176
x2web07,eth0:14,168.144.247.177
x2web07,eth0:15,168.144.247.178
x2web07,eth0:16,168.144.247.179
x2web07,eth0:17,168.144.247.180
x2web07,eth0:18,168.144.247.181
x2web07,eth0:19,168.144.247.182
x2web07,eth0:20,168.144.247.183
x2web07,eth0:21,168.144.247.184
x2web07,eth0:22,168.144.247.185
x2web07,eth0:23,168.144.247.186
x2web07,eth0:24,168.144.247.187
x2web07,eth0:25,168.144.247.188
x2web07,eth0:26,168.144.247.189
x2web07,eth0:27,168.144.247.190
x2web08,eth0,168.144.247.131
x2web08,eth0:0,168.144.247.132
x2web08,eth0:1,168.144.247.133
x2web08,eth0:2,168.144.247.134
x2web08,eth0:3,168.144.247.135
x2web08,eth0:4,168.144.247.136
x2web08,eth0:5,168.144.247.137
x2web08,eth0:6,168.144.247.138
x2web08,eth0:7,168.144.247.139
x2web08,eth0:8,168.144.247.140
x2web08,eth0:9,168.144.247.141
x2web08,eth0:10,168.144.247.142
x2web08,eth0:11,168.144.247.143
x2web08,eth0:12,168.144.247.144
x2web08,eth0:13,168.144.247.145
x2web08,eth0:14,168.144.247.146
x2web08,eth0:15,168.144.247.147
x2web08,eth0:16,168.144.247.148
x2web08,eth0:17,168.144.247.149
x2web08,eth0:18,168.144.247.150
x2web08,eth0:19,168.144.247.151
x2web08,eth0:20,168.144.247.152
x2web08,eth0:21,168.144.247.153
x2web08,eth0:22,168.144.247.154
x2web08,eth0:23,168.144.247.155
x2web08,eth0:24,168.144.247.156
x2web08,eth0:25,168.144.247.157
x2web08,eth0:26,168.144.247.158
x2web09,eth0,168.144.247.99
x2web09,eth0:0,168.144.247.98
x2web09,eth0:1,168.144.247.100
x2web09,eth0:2,168.144.247.101
x2web09,eth0:3,168.144.247.102
x2web09,eth0:4,168.144.247.103
x2web09,eth0:5,168.144.247.104
x2web09,eth0:6,168.144.247.105
x2web09,eth0:7,168.144.247.106
x2web09,eth0:8,168.144.247.107
x2web09,eth0:9,168.144.247.108
x2web09,eth0:10,168.144.247.109
x2web09,eth0:11,168.144.247.110
x2web09,eth0:12,168.144.247.111
x2web09,eth0:13,168.144.247.112
x2web09,eth0:14,168.144.247.113
x2web09,eth0:15,168.144.247.114
x2web09,eth0:16,168.144.247.115
x2web09,eth0:17,168.144.247.116
x2web09,eth0:18,168.144.247.117
x2web09,eth0:19,168.144.247.118
x2web09,eth0:20,168.144.247.119
x2web09,eth0:21,168.144.247.120
x2web09,eth0:22,168.144.247.121
x2web09,eth0:23,168.144.247.122
x2web09,eth0:24,168.144.247.123
x2web09,eth0:25,168.144.247.124
x2web09,eth0:26,168.144.247.125
x2web09,eth0:27,168.144.247.126
x2web10,eth0,168.144.247.67
x2web10,eth0:0,168.144.247.68
x2web10,eth0:1,168.144.247.69
x2web10,eth0:2,168.144.247.70
x2web10,eth0:3,168.144.247.71
x2web10,eth0:4,168.144.247.72
x2web10,eth0:5,168.144.247.73
x2web10,eth0:6,168.144.247.74
x2web10,eth0:7,168.144.247.75
x2web10,eth0:8,168.144.247.76
x2web10,eth0:9,168.144.247.77
x2web10,eth0:10,168.144.247.78
x2web10,eth0:11,168.144.247.79
x2web10,eth0:12,168.144.247.80
x2web10,eth0:13,168.144.247.81
x2web10,eth0:14,168.144.247.82
x2web10,eth0:15,168.144.247.83
x2web10,eth0:16,168.144.247.84
x2web10,eth0:17,168.144.247.85
x2web10,eth0:18,168.144.247.86
x2web10,eth0:19,168.144.247.87
x2web10,eth0:20,168.144.247.88
x2web10,eth0:21,168.144.247.89
x2web10,eth0:22,168.144.247.90
x2web10,eth0:23,168.144.247.91
x2web10,eth0:24,168.144.247.92
x2web10,eth0:25,168.144.247.93
x2web10,eth0:26,168.144.247.94
x2web11,eth0,168.144.247.34
x2web11,eth0:0,168.144.247.35
x2web11,eth0:1,168.144.247.36
x2web11,eth0:2,168.144.247.37
x2web11,eth0:3,168.144.247.38
x2web11,eth0:4,168.144.247.39
x2web11,eth0:5,168.144.247.40
x2web11,eth0:6,168.144.247.41
x2web11,eth0:7,168.144.247.42
x2web11,eth0:8,168.144.247.43
x2web11,eth0:9,168.144.247.44
x2web11,eth0:10,168.144.247.45
x2web11,eth0:11,168.144.247.46
x2web11,eth0:12,168.144.247.47
x2web11,eth0:13,168.144.247.48
x2web11,eth0:14,168.144.247.49
x2web11,eth0:15,168.144.247.50
x2web11,eth0:16,168.144.247.51
x2web11,eth0:17,168.144.247.52
x2web11,eth0:18,168.144.247.53
x2web11,eth0:19,168.144.247.54
x2web11,eth0:20,168.144.247.55
x2web11,eth0:21,168.144.247.56
x2web11,eth0:22,168.144.247.57
x2web11,eth0:23,168.144.247.58
x2web11,eth0:24,168.144.247.59
x2web11,eth0:25,168.144.247.60
x2web11,eth0:26,168.144.247.61
x2web11,eth0:27,168.144.247.62
x2web12,eth0,168.144.247.2
x2web12,eth0:0,168.144.247.3
x2web12,eth0:1,168.144.247.4
x2web12,eth0:2,168.144.247.5
x2web12,eth0:3,168.144.247.6
x2web12,eth0:4,168.144.247.7
x2web12,eth0:5,168.144.247.8
x2web12,eth0:6,168.144.247.9
x2web12,eth0:7,168.144.247.10
x2web12,eth0:8,168.144.247.11
x2web12,eth0:9,168.144.247.12
x2web12,eth0:10,168.144.247.13
x2web12,eth0:11,168.144.247.14
x2web12,eth0:12,168.144.247.15
x2web12,eth0:13,168.144.247.16
x2web12,eth0:14,168.144.247.17
x2web12,eth0:15,168.144.247.18
x2web12,eth0:16,168.144.247.19
x2web12,eth0:17,168.144.247.20
x2web12,eth0:18,168.144.247.21
x2web12,eth0:19,168.144.247.22
x2web12,eth0:20,168.144.247.23
x2web12,eth0:21,168.144.247.24
x2web12,eth0:22,168.144.247.25
x2web12,eth0:23,168.144.247.26
x2web12,eth0:24,168.144.247.27
x2web12,eth0:25,168.144.247.28
x2web12,eth0:26,168.144.247.29
x2web12,eth0:27,168.144.247.30
