xweb01,eth0,168.144.248.193
xweb01,eth0:0,168.144.248.194
xweb01,eth0:1,168.144.248.195
xweb01,eth0:2,168.144.248.196
xweb01,eth0:3,168.144.248.197
xweb01,eth0:4,168.144.248.198
xweb01,eth0:5,168.144.248.199
xweb01,eth0:6,168.144.248.200
xweb01,eth0:7,168.144.248.201
xweb01,eth0:8,168.144.248.202
xweb01,eth0:9,168.144.248.203
xweb01,eth0:10,168.144.248.204
xweb01,eth0:11,168.144.248.205
xweb01,eth0:12,168.144.248.206
xweb01,eth0:13,168.144.248.207
xweb01,eth0:14,168.144.248.208
xweb01,eth0:15,168.144.248.209
xweb01,eth0:16,168.144.248.210
xweb01,eth0:17,168.144.248.211
xweb01,eth0:18,168.144.248.212
xweb01,eth0:19,168.144.248.213
xweb01,eth0:20,168.144.248.214
xweb01,eth0:21,168.144.248.215
xweb01,eth0:22,168.144.248.216
xweb01,eth0:23,168.144.248.217
xweb01,eth0:24,168.144.248.218
xweb01,eth0:25,168.144.248.219
xweb01,eth0:26,168.144.248.220
xweb01,eth0:27,168.144.248.221
xweb01,eth0:28,168.144.248.222
