web4003,168.144.209.20,66.113.243.203
web4003,168.144.209.21,66.113.243.204
web4003,168.144.209.25,66.113.243.205
web4003,168.144.209.39,66.113.243.206
web4003,168.144.209.40,66.113.243.207
web4003,168.144.209.47,66.113.243.208
web4003,168.144.209.48,66.113.243.209
web4003,168.144.209.52,66.113.243.210
web4003,168.144.209.57,66.113.243.211
web4003,168.144.209.78,66.113.243.212
web4003,168.144.209.91,66.113.243.213
web4003,168.144.209.97,66.113.243.214
web4003,168.144.209.112,66.113.243.215
web4003,168.144.209.130,66.113.243.216
web4003,168.144.209.134,66.113.243.217
web4003,168.144.209.135,66.113.243.218
web4003,168.144.209.150,66.113.243.219
web4003,168.144.209.154,66.113.243.220
web4003,168.144.209.156,66.113.243.221
web4003,168.144.209.165,66.113.243.222
web4003,168.144.209.172,66.113.243.223
web4003,168.144.209.181,66.113.243.224
web4003,168.144.209.195,66.113.243.225
web4003,168.144.209.197,66.113.243.226
web4003,168.144.209.199,66.113.243.227
web4003,168.144.209.203,66.113.243.228
web4003,168.144.209.222,66.113.243.229
web4003,168.144.209.227,66.113.243.230
web4003,168.144.209.232,66.113.243.231
web4003,168.144.209.237,66.113.243.232
web4003,168.144.211.5,66.113.244.13
web4003,168.144.211.14,66.113.244.14
web4003,168.144.211.29,66.113.244.15
web4003,168.144.211.39,66.113.244.16
web4003,168.144.211.42,66.113.244.17
web4003,168.144.211.53,66.113.244.18
web4003,168.144.211.55,66.113.244.19
web4003,168.144.211.61,66.113.244.20
web4003,168.144.211.69,66.113.244.21
web4003,168.144.211.89,66.113.244.22
web4003,168.144.211.91,66.113.244.23
web4003,168.144.211.97,66.113.244.24
web4003,168.144.211.107,66.113.244.25
web4003,168.144.211.111,66.113.244.26
web4003,168.144.211.112,66.113.244.27
web4003,168.144.211.121,66.113.244.28
web4003,168.144.211.122,66.113.244.29
web4003,168.144.211.127,66.113.244.30
web4003,168.144.211.140,66.113.244.31
web4003,168.144.211.162,66.113.244.32
web4003,168.144.211.175,66.113.244.33
web4003,168.144.211.187,66.113.244.34
web4003,168.144.211.194,66.113.244.35
web4003,168.144.211.202,66.113.244.36
web4003,168.144.211.203,66.113.244.37
web4003,168.144.211.213,66.113.244.38
web4003,168.144.211.227,66.113.244.39
web4003,168.144.211.239,66.113.244.40
web4003,168.144.211.252,66.113.244.41
web4003,168.144.210.6,66.113.243.233
web4003,168.144.210.32,66.113.243.234
web4003,168.144.210.34,66.113.243.235
web4003,168.144.210.36,66.113.243.236
web4003,168.144.210.49,66.113.243.237
web4003,168.144.210.51,66.113.243.238
web4003,168.144.210.63,66.113.243.239
web4003,168.144.210.76,66.113.243.240
web4003,168.144.210.96,66.113.243.241
web4003,168.144.210.113,66.113.243.242
web4003,168.144.210.121,66.113.243.243
web4003,168.144.210.124,66.113.243.244
web4003,168.144.210.131,66.113.243.245
web4003,168.144.210.134,66.113.243.246
web4003,168.144.210.141,66.113.243.247
web4003,168.144.210.144,66.113.243.248
web4003,168.144.210.156,66.113.243.249
web4003,168.144.210.160,66.113.243.250
web4003,168.144.210.166,66.113.243.251
web4003,168.144.210.175,66.113.243.252
web4003,168.144.210.191,66.113.243.253
web4003,168.144.210.205,66.113.243.254
web4003,168.144.210.207,66.113.244.8
web4003,168.144.210.227,66.113.244.9
web4003,168.144.210.235,66.113.244.10
web4003,168.144.210.237,66.113.244.11
web4003,168.144.210.245,66.113.244.12
web4003,168.144.208.4,66.113.243.145
web4003,168.144.208.8,66.113.243.146
web4003,168.144.208.12,66.113.243.147
web4003,168.144.208.14,66.113.243.148
web4003,168.144.208.19,66.113.243.149
web4003,168.144.208.24,66.113.243.150
web4003,168.144.208.39,66.113.243.151
web4003,168.144.208.40,66.113.243.152
web4003,168.144.208.43,66.113.243.153
web4003,168.144.208.44,66.113.243.154
web4003,168.144.208.45,66.113.243.155
web4003,168.144.208.47,66.113.243.156
web4003,168.144.208.50,66.113.243.157
web4003,168.144.208.70,66.113.243.158
web4003,168.144.208.76,66.113.243.159
web4003,168.144.208.83,66.113.243.160
web4003,168.144.208.93,66.113.243.161
web4003,168.144.208.101,66.113.243.162
web4003,168.144.208.103,66.113.243.163
web4003,168.144.208.106,66.113.243.164
web4003,168.144.208.107,66.113.243.165
web4003,168.144.208.108,66.113.243.166
web4003,168.144.208.110,66.113.243.167
web4003,168.144.208.113,66.113.243.168
web4003,168.144.208.114,66.113.243.169
web4003,168.144.208.119,66.113.243.170
web4003,168.144.208.130,66.113.243.171
web4003,168.144.208.134,66.113.243.172
web4003,168.144.208.135,66.113.243.173
web4003,168.144.208.149,66.113.243.174
web4003,168.144.208.151,66.113.243.175
web4003,168.144.208.153,66.113.243.176
web4003,168.144.208.157,66.113.243.177
web4003,168.144.208.158,66.113.243.178
web4003,168.144.208.162,66.113.243.179
web4003,168.144.208.164,66.113.243.180
web4003,168.144.208.165,66.113.243.181
web4003,168.144.208.168,66.113.243.182
web4003,168.144.208.172,66.113.243.183
web4003,168.144.208.174,66.113.243.184
web4003,168.144.208.175,66.113.243.185
web4003,168.144.208.191,66.113.243.186
web4003,168.144.208.195,66.113.243.187
web4003,168.144.208.198,66.113.243.188
web4003,168.144.208.200,66.113.243.189
web4003,168.144.208.202,66.113.243.190
web4003,168.144.208.205,66.113.243.191
web4003,168.144.208.207,66.113.243.192
web4003,168.144.208.208,66.113.243.193
web4003,168.144.208.215,66.113.243.194
web4003,168.144.208.217,66.113.243.195
web4003,168.144.208.218,66.113.243.196
web4003,168.144.208.222,66.113.243.197
web4003,168.144.208.223,66.113.243.198
web4003,168.144.208.228,66.113.243.199
web4003,168.144.208.231,66.113.243.200
web4003,168.144.208.235,66.113.243.201
web4003,168.144.208.249,66.113.243.202
web4004,168.144.213.19,66.113.244.89
web4004,168.144.213.20,66.113.244.90
web4004,168.144.213.23,66.113.244.91
web4004,168.144.213.41,66.113.244.92
web4004,168.144.213.44,66.113.244.93
web4004,168.144.213.63,66.113.244.94
web4004,168.144.213.70,66.113.244.95
web4004,168.144.213.71,66.113.244.96
web4004,168.144.213.75,66.113.244.97
web4004,168.144.213.77,66.113.244.98
web4004,168.144.213.78,66.113.244.99
web4004,168.144.213.92,66.113.244.100
web4004,168.144.213.102,66.113.244.101
web4004,168.144.213.109,66.113.244.102
web4004,168.144.213.111,66.113.244.103
web4004,168.144.213.125,66.113.244.104
web4004,168.144.213.143,66.113.244.105
web4004,168.144.213.147,66.113.244.106
web4004,168.144.213.151,66.113.244.107
web4004,168.144.213.153,66.113.244.108
web4004,168.144.213.164,66.113.244.109
web4004,168.144.213.184,66.113.244.110
web4004,168.144.213.185,66.113.244.111
web4004,168.144.213.190,66.113.244.112
web4004,168.144.213.191,66.113.244.113
web4004,168.144.213.226,66.113.244.114
web4004,168.144.213.233,66.113.244.115
web4004,168.144.213.234,66.113.244.116
web4004,168.144.213.241,66.113.244.117
web4004,168.144.213.243,66.113.244.118
web4004,168.144.213.249,66.113.244.119
web4004,168.144.214.3,66.113.244.120
web4004,168.144.214.4,66.113.244.121
web4004,168.144.214.5,66.113.244.122
web4004,168.144.214.13,66.113.244.123
web4004,168.144.214.23,66.113.244.124
web4004,168.144.214.29,66.113.244.125
web4004,168.144.214.40,66.113.244.126
web4004,168.144.214.43,66.113.244.127
web4004,168.144.214.45,66.113.244.128
web4004,168.144.214.54,66.113.244.129
web4004,168.144.214.58,66.113.244.130
web4004,168.144.214.63,66.113.244.131
web4004,168.144.214.77,66.113.244.132
web4004,168.144.214.86,66.113.244.133
web4004,168.144.214.95,66.113.244.134
web4004,168.144.214.101,66.113.244.135
web4004,168.144.214.103,66.113.244.136
web4004,168.144.214.106,66.113.244.137
web4004,168.144.214.107,66.113.244.138
web4004,168.144.214.108,66.113.244.139
web4004,168.144.214.110,66.113.244.140
web4004,168.144.214.111,66.113.244.141
web4004,168.144.214.126,66.113.244.142
web4004,168.144.214.130,66.113.244.143
web4004,168.144.214.136,66.113.244.144
web4004,168.144.214.142,66.113.244.145
web4004,168.144.214.147,66.113.244.146
web4004,168.144.214.177,66.113.244.147
web4004,168.144.214.179,66.113.244.148
web4004,168.144.214.187,66.113.244.149
web4004,168.144.214.193,66.113.244.150
web4004,168.144.214.196,66.113.244.151
web4004,168.144.214.197,66.113.244.152
web4004,168.144.214.207,66.113.244.153
web4004,168.144.214.208,66.113.244.154
web4004,168.144.214.223,66.113.244.155
web4004,168.144.214.232,66.113.244.156
web4004,168.144.214.233,66.113.244.157
web4004,168.144.214.236,66.113.244.158
web4004,168.144.214.237,66.113.244.159
web4004,168.144.214.238,66.113.244.160
web4004,168.144.214.252,66.113.244.161
web4004,168.144.214.253,66.113.244.162
web4004,168.144.215.14,66.113.244.163
web4004,168.144.215.29,66.113.244.164
web4004,168.144.215.34,66.113.244.165
web4004,168.144.215.68,66.113.244.166
web4004,168.144.215.97,66.113.244.167
web4004,168.144.215.99,66.113.244.168
web4004,168.144.215.100,66.113.244.169
web4004,168.144.215.107,66.113.244.170
web4004,168.144.215.141,66.113.244.171
web4004,168.144.215.156,66.113.244.172
web4004,168.144.215.162,66.113.244.173
web4004,168.144.215.168,66.113.244.174
web4004,168.144.215.173,66.113.244.175
web4004,168.144.215.180,66.113.244.176
web4004,168.144.215.184,66.113.244.177
web4004,168.144.215.188,66.113.244.178
web4004,168.144.215.198,66.113.244.179
web4004,168.144.215.220,66.113.244.180
web4004,168.144.215.238,66.113.244.181
web4004,168.144.215.240,66.113.244.182
web4004,168.144.215.242,66.113.244.183
web4004,168.144.212.10,66.113.244.42
web4004,168.144.212.12,66.113.244.43
web4004,168.144.212.17,66.113.244.44
web4004,168.144.212.21,66.113.244.45
web4004,168.144.212.24,66.113.244.46
web4004,168.144.212.36,66.113.244.47
web4004,168.144.212.48,66.113.244.48
web4004,168.144.212.56,66.113.244.49
web4004,168.144.212.60,66.113.244.50
web4004,168.144.212.62,66.113.244.51
web4004,168.144.212.83,66.113.244.52
web4004,168.144.212.95,66.113.244.53
web4004,168.144.212.100,66.113.244.54
web4004,168.144.212.101,66.113.244.55
web4004,168.144.212.105,66.113.244.56
web4004,168.144.212.109,66.113.244.57
web4004,168.144.212.111,66.113.244.58
web4004,168.144.212.115,66.113.244.59
web4004,168.144.212.116,66.113.244.60
web4004,168.144.212.117,66.113.244.61
web4004,168.144.212.118,66.113.244.62
web4004,168.144.212.122,66.113.244.63
web4004,168.144.212.128,66.113.244.64
web4004,168.144.212.135,66.113.244.65
web4004,168.144.212.138,66.113.244.66
web4004,168.144.212.144,66.113.244.67
web4004,168.144.212.152,66.113.244.68
web4004,168.144.212.159,66.113.244.69
web4004,168.144.212.162,66.113.244.70
web4004,168.144.212.173,66.113.244.71
web4004,168.144.212.174,66.113.244.72
web4004,168.144.212.175,66.113.244.73
web4004,168.144.212.178,66.113.244.74
web4004,168.144.212.179,66.113.244.75
web4004,168.144.212.180,66.113.244.76
web4004,168.144.212.184,66.113.244.77
web4004,168.144.212.187,66.113.244.78
web4004,168.144.212.188,66.113.244.79
web4004,168.144.212.202,66.113.244.80
web4004,168.144.212.205,66.113.244.81
web4004,168.144.212.215,66.113.244.82
web4004,168.144.212.218,66.113.244.83
web4004,168.144.212.226,66.113.244.84
web4004,168.144.212.234,66.113.244.85
web4004,168.144.212.238,66.113.244.86
web4004,168.144.212.248,66.113.244.87
web4004,168.144.212.250,66.113.244.88
web4005,168.144.219.9,66.113.245.55
web4005,168.144.219.24,66.113.245.56
web4005,168.144.219.33,66.113.245.57
web4005,168.144.219.52,66.113.245.58
web4005,168.144.219.70,66.113.245.59
web4005,168.144.219.101,66.113.245.60
web4005,168.144.219.122,66.113.245.61
web4005,168.144.219.130,66.113.245.62
web4005,168.144.219.136,66.113.245.63
web4005,168.144.219.146,66.113.245.64
web4005,168.144.219.166,66.113.245.65
web4005,168.144.219.184,66.113.245.66
web4005,168.144.219.185,66.113.245.67
web4005,168.144.219.195,66.113.245.68
web4005,168.144.219.207,66.113.245.69
web4005,168.144.219.216,66.113.245.70
web4005,168.144.219.229,66.113.245.71
web4005,168.144.219.235,66.113.245.72
web4005,168.144.219.236,66.113.245.73
web4005,168.144.217.10,66.113.244.246
web4005,168.144.217.36,66.113.244.247
web4005,168.144.217.46,66.113.244.248
web4005,168.144.217.47,66.113.244.249
web4005,168.144.217.49,66.113.244.250
web4005,168.144.217.53,66.113.244.251
web4005,168.144.217.62,66.113.244.252
web4005,168.144.217.74,66.113.244.253
web4005,168.144.217.75,66.113.244.254
web4005,168.144.217.76,66.113.245.8
web4005,168.144.217.80,66.113.245.9
web4005,168.144.217.101,66.113.245.10
web4005,168.144.217.108,66.113.245.11
web4005,168.144.217.119,66.113.245.12
web4005,168.144.217.120,66.113.245.13
web4005,168.144.217.127,66.113.245.14
web4005,168.144.217.137,66.113.245.15
web4005,168.144.217.141,66.113.245.16
web4005,168.144.217.147,66.113.245.17
web4005,168.144.217.181,66.113.245.18
web4005,168.144.217.200,66.113.245.19
web4005,168.144.217.203,66.113.245.20
web4005,168.144.217.206,66.113.245.21
web4005,168.144.217.211,66.113.245.22
web4005,168.144.217.212,66.113.245.23
web4005,168.144.217.228,66.113.245.24
web4005,168.144.217.229,66.113.245.25
web4005,168.144.217.232,66.113.245.26
web4005,168.144.217.233,66.113.245.27
web4005,168.144.217.237,66.113.245.28
web4005,168.144.217.243,66.113.245.29
web4005,168.144.218.16,66.113.245.30
web4005,168.144.218.24,66.113.245.31
web4005,168.144.218.34,66.113.245.32
web4005,168.144.218.36,66.113.245.33
web4005,168.144.218.40,66.113.245.34
web4005,168.144.218.52,66.113.245.35
web4005,168.144.218.77,66.113.245.36
web4005,168.144.218.78,66.113.245.37
web4005,168.144.218.86,66.113.245.38
web4005,168.144.218.90,66.113.245.39
web4005,168.144.218.94,66.113.245.40
web4005,168.144.218.117,66.113.245.41
web4005,168.144.218.118,66.113.245.42
web4005,168.144.218.130,66.113.245.43
web4005,168.144.218.134,66.113.245.44
web4005,168.144.218.136,66.113.245.45
web4005,168.144.218.138,66.113.245.46
web4005,168.144.218.155,66.113.245.47
web4005,168.144.218.162,66.113.245.48
web4005,168.144.218.164,66.113.245.49
web4005,168.144.218.174,66.113.245.50
web4005,168.144.218.176,66.113.245.51
web4005,168.144.218.225,66.113.245.52
web4005,168.144.218.234,66.113.245.53
web4005,168.144.218.247,66.113.245.54
web4005,168.144.216.16,66.113.244.184
web4005,168.144.216.19,66.113.244.185
web4005,168.144.216.25,66.113.244.186
web4005,168.144.216.26,66.113.244.187
web4005,168.144.216.32,66.113.244.188
web4005,168.144.216.43,66.113.244.189
web4005,168.144.216.45,66.113.244.190
web4005,168.144.216.49,66.113.244.191
web4005,168.144.216.52,66.113.244.192
web4005,168.144.216.55,66.113.244.193
web4005,168.144.216.60,66.113.244.194
web4005,168.144.216.62,66.113.244.195
web4005,168.144.216.76,66.113.244.196
web4005,168.144.216.80,66.113.244.197
web4005,168.144.216.89,66.113.244.198
web4005,168.144.216.92,66.113.244.199
web4005,168.144.216.104,66.113.244.200
web4005,168.144.216.105,66.113.244.201
web4005,168.144.216.106,66.113.244.202
web4005,168.144.216.107,66.113.244.203
web4005,168.144.216.111,66.113.244.204
web4005,168.144.216.113,66.113.244.205
web4005,168.144.216.114,66.113.244.206
web4005,168.144.216.115,66.113.244.207
web4005,168.144.216.118,66.113.244.208
web4005,168.144.216.120,66.113.244.209
web4005,168.144.216.121,66.113.244.210
web4005,168.144.216.123,66.113.244.211
web4005,168.144.216.125,66.113.244.212
web4005,168.144.216.127,66.113.244.213
web4005,168.144.216.131,66.113.244.214
web4005,168.144.216.132,66.113.244.215
web4005,168.144.216.136,66.113.244.216
web4005,168.144.216.138,66.113.244.217
web4005,168.144.216.139,66.113.244.218
web4005,168.144.216.144,66.113.244.219
web4005,168.144.216.148,66.113.244.220
web4005,168.144.216.149,66.113.244.221
web4005,168.144.216.155,66.113.244.222
web4005,168.144.216.158,66.113.244.223
web4005,168.144.216.160,66.113.244.224
web4005,168.144.216.162,66.113.244.225
web4005,168.144.216.166,66.113.244.226
web4005,168.144.216.167,66.113.244.227
web4005,168.144.216.168,66.113.244.228
web4005,168.144.216.169,66.113.244.229
web4005,168.144.216.175,66.113.244.230
web4005,168.144.216.190,66.113.244.231
web4005,168.144.216.191,66.113.244.232
web4005,168.144.216.196,66.113.244.233
web4005,168.144.216.198,66.113.244.234
web4005,168.144.216.201,66.113.244.235
web4005,168.144.216.211,66.113.244.236
web4005,168.144.216.214,66.113.244.237
web4005,168.144.216.215,66.113.244.238
web4005,168.144.216.217,66.113.244.239
web4005,168.144.216.233,66.113.244.240
web4005,168.144.216.235,66.113.244.241
web4005,168.144.216.236,66.113.244.242
web4005,168.144.216.238,66.113.244.243
web4005,168.144.216.246,66.113.244.244
web4005,168.144.216.249,66.113.244.245
web4006,168.144.221.9,66.113.245.141
web4006,168.144.221.16,66.113.245.142
web4006,168.144.221.27,66.113.245.143
web4006,168.144.221.49,66.113.245.144
web4006,168.144.221.66,66.113.245.145
web4006,168.144.221.75,66.113.245.146
web4006,168.144.221.94,66.113.245.147
web4006,168.144.221.107,66.113.245.148
web4006,168.144.221.110,66.113.245.149
web4006,168.144.221.112,66.113.245.150
web4006,168.144.221.115,66.113.245.151
web4006,168.144.221.131,66.113.245.152
web4006,168.144.221.134,66.113.245.153
web4006,168.144.221.136,66.113.245.154
web4006,168.144.221.144,66.113.245.155
web4006,168.144.221.149,66.113.245.156
web4006,168.144.221.157,66.113.245.157
web4006,168.144.221.158,66.113.245.158
web4006,168.144.221.167,66.113.245.159
web4006,168.144.221.175,66.113.245.160
web4006,168.144.221.181,66.113.245.161
web4006,168.144.221.187,66.113.245.162
web4006,168.144.221.206,66.113.245.163
web4006,168.144.221.207,66.113.245.164
web4006,168.144.221.212,66.113.245.165
web4006,168.144.221.219,66.113.245.166
web4006,168.144.221.222,66.113.245.167
web4006,168.144.221.223,66.113.245.168
web4006,168.144.221.235,66.113.245.169
web4006,168.144.221.246,66.113.245.170
web4006,168.144.222.2,66.113.245.171
web4006,168.144.222.7,66.113.245.172
web4006,168.144.222.12,66.113.245.173
web4006,168.144.222.19,66.113.245.174
web4006,168.144.222.21,66.113.245.175
web4006,168.144.222.23,66.113.245.176
web4006,168.144.222.35,66.113.245.177
web4006,168.144.222.45,66.113.245.178
web4006,168.144.222.46,66.113.245.179
web4006,168.144.222.52,66.113.245.180
web4006,168.144.222.74,66.113.245.181
web4006,168.144.222.88,66.113.245.182
web4006,168.144.222.98,66.113.245.183
web4006,168.144.222.100,66.113.245.184
web4006,168.144.222.115,66.113.245.185
web4006,168.144.222.132,66.113.245.186
web4006,168.144.222.146,66.113.245.187
web4006,168.144.222.150,66.113.245.188
web4006,168.144.222.173,66.113.245.189
web4006,168.144.222.177,66.113.245.190
web4006,168.144.222.187,66.113.245.191
web4006,168.144.222.199,66.113.245.192
web4006,168.144.222.205,66.113.245.193
web4006,168.144.222.215,66.113.245.194
web4006,168.144.222.233,66.113.245.195
web4006,168.144.222.246,66.113.245.196
web4006,168.144.223.4,66.113.245.197
web4006,168.144.223.8,66.113.245.198
web4006,168.144.223.19,66.113.245.199
web4006,168.144.223.21,66.113.245.200
web4006,168.144.223.25,66.113.245.201
web4006,168.144.223.28,66.113.245.202
web4006,168.144.223.55,66.113.245.203
web4006,168.144.223.59,66.113.245.204
web4006,168.144.223.74,66.113.245.205
web4006,168.144.223.95,66.113.245.206
web4006,168.144.223.99,66.113.245.207
web4006,168.144.223.104,66.113.245.208
web4006,168.144.223.139,66.113.245.209
web4006,168.144.223.155,66.113.245.210
web4006,168.144.223.165,66.113.245.211
web4006,168.144.223.166,66.113.245.212
web4006,168.144.223.170,66.113.245.213
web4006,168.144.223.172,66.113.245.214
web4006,168.144.223.188,66.113.245.215
web4006,168.144.223.192,66.113.245.216
web4006,168.144.223.199,66.113.245.217
web4006,168.144.223.203,66.113.245.218
web4006,168.144.223.210,66.113.245.219
web4006,168.144.223.222,66.113.245.220
web4006,168.144.223.227,66.113.245.221
web4006,168.144.223.233,66.113.245.222
web4006,168.144.223.241,66.113.245.223
web4006,168.144.220.2,66.113.245.74
web4006,168.144.220.13,66.113.245.75
web4006,168.144.220.15,66.113.245.76
web4006,168.144.220.17,66.113.245.77
web4006,168.144.220.18,66.113.245.78
web4006,168.144.220.32,66.113.245.79
web4006,168.144.220.35,66.113.245.80
web4006,168.144.220.41,66.113.245.81
web4006,168.144.220.42,66.113.245.82
web4006,168.144.220.48,66.113.245.83
web4006,168.144.220.56,66.113.245.84
web4006,168.144.220.66,66.113.245.85
web4006,168.144.220.68,66.113.245.86
web4006,168.144.220.75,66.113.245.87
web4006,168.144.220.85,66.113.245.88
web4006,168.144.220.91,66.113.245.89
web4006,168.144.220.100,66.113.245.90
web4006,168.144.220.103,66.113.245.91
web4006,168.144.220.108,66.113.245.92
web4006,168.144.220.109,66.113.245.93
web4006,168.144.220.110,66.113.245.94
web4006,168.144.220.114,66.113.245.95
web4006,168.144.220.115,66.113.245.96
web4006,168.144.220.116,66.113.245.97
web4006,168.144.220.118,66.113.245.98
web4006,168.144.220.126,66.113.245.99
web4006,168.144.220.129,66.113.245.100
web4006,168.144.220.130,66.113.245.101
web4006,168.144.220.133,66.113.245.102
web4006,168.144.220.134,66.113.245.103
web4006,168.144.220.135,66.113.245.104
web4006,168.144.220.138,66.113.245.105
web4006,168.144.220.139,66.113.245.106
web4006,168.144.220.140,66.113.245.107
web4006,168.144.220.142,66.113.245.108
web4006,168.144.220.145,66.113.245.109
web4006,168.144.220.146,66.113.245.110
web4006,168.144.220.147,66.113.245.111
web4006,168.144.220.148,66.113.245.112
web4006,168.144.220.150,66.113.245.113
web4006,168.144.220.152,66.113.245.114
web4006,168.144.220.153,66.113.245.115
web4006,168.144.220.154,66.113.245.116
web4006,168.144.220.155,66.113.245.117
web4006,168.144.220.158,66.113.245.118
web4006,168.144.220.159,66.113.245.119
web4006,168.144.220.163,66.113.245.120
web4006,168.144.220.172,66.113.245.121
web4006,168.144.220.173,66.113.245.122
web4006,168.144.220.176,66.113.245.123
web4006,168.144.220.179,66.113.245.124
web4006,168.144.220.181,66.113.245.125
web4006,168.144.220.188,66.113.245.126
web4006,168.144.220.190,66.113.245.127
web4006,168.144.220.194,66.113.245.128
web4006,168.144.220.195,66.113.245.129
web4006,168.144.220.197,66.113.245.130
web4006,168.144.220.198,66.113.245.131
web4006,168.144.220.199,66.113.245.132
web4006,168.144.220.204,66.113.245.133
web4006,168.144.220.211,66.113.245.134
web4006,168.144.220.213,66.113.245.135
web4006,168.144.220.216,66.113.245.136
web4006,168.144.220.231,66.113.245.137
web4006,168.144.220.236,66.113.245.138
web4006,168.144.220.243,66.113.245.139
web4006,168.144.220.249,66.113.245.140
web4007,168.144.241.19,66.113.247.9
web4007,168.144.241.21,66.113.247.10
web4007,168.144.241.44,66.113.247.11
web4007,168.144.241.63,66.113.247.12
web4007,168.144.241.126,66.113.247.13
web4007,168.144.241.135,66.113.247.14
web4007,168.144.241.137,66.113.247.15
web4007,168.144.241.176,66.113.247.16
web4007,168.144.241.177,66.113.247.17
web4007,168.144.241.184,66.113.247.18
web4007,168.144.241.189,66.113.247.19
web4007,168.144.241.196,66.113.247.20
web4007,168.144.241.223,66.113.247.21
web4007,168.144.241.226,66.113.247.22
web4007,168.144.240.11,66.113.246.228
web4007,168.144.240.17,66.113.246.229
web4007,168.144.240.19,66.113.246.230
web4007,168.144.240.20,66.113.246.231
web4007,168.144.240.34,66.113.246.232
web4007,168.144.240.38,66.113.246.233
web4007,168.144.240.45,66.113.246.234
web4007,168.144.240.47,66.113.246.235
web4007,168.144.240.48,66.113.246.236
web4007,168.144.240.56,66.113.246.237
web4007,168.144.240.60,66.113.246.238
web4007,168.144.240.73,66.113.246.239
web4007,168.144.240.78,66.113.246.240
web4007,168.144.240.129,66.113.246.241
web4007,168.144.240.131,66.113.246.242
web4007,168.144.240.147,66.113.246.243
web4007,168.144.240.148,66.113.246.244
web4007,168.144.240.167,66.113.246.245
web4007,168.144.240.175,66.113.246.246
web4007,168.144.240.183,66.113.246.247
web4007,168.144.240.184,66.113.246.248
web4007,168.144.240.191,66.113.246.249
web4007,168.144.240.193,66.113.246.250
web4007,168.144.240.200,66.113.246.251
web4007,168.144.240.212,66.113.246.252
web4007,168.144.240.218,66.113.246.253
web4007,168.144.240.222,66.113.246.254
web4007,168.144.240.250,66.113.247.8
web4007,168.144.239.15,66.113.246.211
web4007,168.144.239.39,66.113.246.212
web4007,168.144.239.80,66.113.246.213
web4007,168.144.239.120,66.113.246.214
web4007,168.144.239.125,66.113.246.215
web4007,168.144.239.143,66.113.246.216
web4007,168.144.239.152,66.113.246.217
web4007,168.144.239.153,66.113.246.218
web4007,168.144.239.167,66.113.246.219
web4007,168.144.239.188,66.113.246.220
web4007,168.144.239.194,66.113.246.221
web4007,168.144.239.202,66.113.246.222
web4007,168.144.239.206,66.113.246.223
web4007,168.144.239.229,66.113.246.224
web4007,168.144.239.230,66.113.246.225
web4007,168.144.239.249,66.113.246.226
web4007,168.144.239.251,66.113.246.227
web4007,168.144.238.3,66.113.246.133
web4007,168.144.238.12,66.113.246.134
web4007,168.144.238.17,66.113.246.135
web4007,168.144.238.27,66.113.246.136
web4007,168.144.238.29,66.113.246.137
web4007,168.144.238.37,66.113.246.138
web4007,168.144.238.40,66.113.246.139
web4007,168.144.238.43,66.113.246.140
web4007,168.144.238.45,66.113.246.141
web4007,168.144.238.47,66.113.246.142
web4007,168.144.238.52,66.113.246.143
web4007,168.144.238.53,66.113.246.144
web4007,168.144.238.55,66.113.246.145
web4007,168.144.238.56,66.113.246.146
web4007,168.144.238.57,66.113.246.147
web4007,168.144.238.60,66.113.246.148
web4007,168.144.238.75,66.113.246.149
web4007,168.144.238.77,66.113.246.150
web4007,168.144.238.81,66.113.246.151
web4007,168.144.238.100,66.113.246.152
web4007,168.144.238.101,66.113.246.153
web4007,168.144.238.103,66.113.246.154
web4007,168.144.238.106,66.113.246.155
web4007,168.144.238.107,66.113.246.156
web4007,168.144.238.108,66.113.246.157
web4007,168.144.238.109,66.113.246.158
web4007,168.144.238.110,66.113.246.159
web4007,168.144.238.112,66.113.246.160
web4007,168.144.238.113,66.113.246.161
web4007,168.144.238.114,66.113.246.162
web4007,168.144.238.115,66.113.246.163
web4007,168.144.238.116,66.113.246.164
web4007,168.144.238.117,66.113.246.165
web4007,168.144.238.118,66.113.246.166
web4007,168.144.238.120,66.113.246.167
web4007,168.144.238.121,66.113.246.168
web4007,168.144.238.123,66.113.246.169
web4007,168.144.238.125,66.113.246.170
web4007,168.144.238.127,66.113.246.171
web4007,168.144.238.128,66.113.246.172
web4007,168.144.238.130,66.113.246.173
web4007,168.144.238.132,66.113.246.174
web4007,168.144.238.139,66.113.246.175
web4007,168.144.238.141,66.113.246.176
web4007,168.144.238.142,66.113.246.177
web4007,168.144.238.143,66.113.246.178
web4007,168.144.238.152,66.113.246.179
web4007,168.144.238.156,66.113.246.180
web4007,168.144.238.160,66.113.246.181
web4007,168.144.238.161,66.113.246.182
web4007,168.144.238.162,66.113.246.183
web4007,168.144.238.165,66.113.246.184
web4007,168.144.238.167,66.113.246.185
web4007,168.144.238.171,66.113.246.186
web4007,168.144.238.173,66.113.246.187
web4007,168.144.238.178,66.113.246.188
web4007,168.144.238.187,66.113.246.189
web4007,168.144.238.189,66.113.246.190
web4007,168.144.238.195,66.113.246.191
web4007,168.144.238.198,66.113.246.192
web4007,168.144.238.201,66.113.246.193
web4007,168.144.238.203,66.113.246.194
web4007,168.144.238.204,66.113.246.195
web4007,168.144.238.207,66.113.246.196
web4007,168.144.238.209,66.113.246.197
web4007,168.144.238.210,66.113.246.198
web4007,168.144.238.213,66.113.246.199
web4007,168.144.238.218,66.113.246.200
web4007,168.144.238.220,66.113.246.201
web4007,168.144.238.221,66.113.246.202
web4007,168.144.238.222,66.113.246.203
web4007,168.144.238.230,66.113.246.204
web4007,168.144.238.232,66.113.246.205
web4007,168.144.238.239,66.113.246.206
web4007,168.144.238.241,66.113.246.207
web4007,168.144.238.250,66.113.246.208
web4007,168.144.238.251,66.113.246.209
web4007,168.144.238.252,66.113.246.210
web4008,168.144.227.15,66.113.246.108
web4008,168.144.227.19,66.113.246.109
web4008,168.144.227.20,66.113.246.110
web4008,168.144.227.24,66.113.246.111
web4008,168.144.227.41,66.113.246.112
web4008,168.144.227.45,66.113.246.113
web4008,168.144.227.46,66.113.246.114
web4008,168.144.227.49,66.113.246.115
web4008,168.144.227.50,66.113.246.116
web4008,168.144.227.62,66.113.246.117
web4008,168.144.227.113,66.113.246.118
web4008,168.144.227.118,66.113.246.119
web4008,168.144.227.126,66.113.246.120
web4008,168.144.227.127,66.113.246.121
web4008,168.144.227.130,66.113.246.122
web4008,168.144.227.139,66.113.246.123
web4008,168.144.227.141,66.113.246.124
web4008,168.144.227.161,66.113.246.125
web4008,168.144.227.196,66.113.246.126
web4008,168.144.227.202,66.113.246.127
web4008,168.144.227.204,66.113.246.128
web4008,168.144.227.206,66.113.246.129
web4008,168.144.227.207,66.113.246.130
web4008,168.144.227.228,66.113.246.131
web4008,168.144.227.235,66.113.246.132
web4008,168.144.226.30,66.113.246.83
web4008,168.144.226.31,66.113.246.84
web4008,168.144.226.38,66.113.246.85
web4008,168.144.226.39,66.113.246.86
web4008,168.144.226.40,66.113.246.87
web4008,168.144.226.42,66.113.246.88
web4008,168.144.226.51,66.113.246.89
web4008,168.144.226.60,66.113.246.90
web4008,168.144.226.70,66.113.246.91
web4008,168.144.226.87,66.113.246.92
web4008,168.144.226.120,66.113.246.93
web4008,168.144.226.134,66.113.246.94
web4008,168.144.226.148,66.113.246.95
web4008,168.144.226.161,66.113.246.96
web4008,168.144.226.177,66.113.246.97
web4008,168.144.226.181,66.113.246.98
web4008,168.144.226.182,66.113.246.99
web4008,168.144.226.201,66.113.246.100
web4008,168.144.226.205,66.113.246.101
web4008,168.144.226.214,66.113.246.102
web4008,168.144.226.218,66.113.246.103
web4008,168.144.226.224,66.113.246.104
web4008,168.144.226.235,66.113.246.105
web4008,168.144.226.239,66.113.246.106
web4008,168.144.226.250,66.113.246.107
web4008,168.144.225.14,66.113.246.56
web4008,168.144.225.60,66.113.246.57
web4008,168.144.225.65,66.113.246.58
web4008,168.144.225.71,66.113.246.59
web4008,168.144.225.75,66.113.246.60
web4008,168.144.225.79,66.113.246.61
web4008,168.144.225.82,66.113.246.62
web4008,168.144.225.83,66.113.246.63
web4008,168.144.225.90,66.113.246.64
web4008,168.144.225.101,66.113.246.65
web4008,168.144.225.105,66.113.246.66
web4008,168.144.225.107,66.113.246.67
web4008,168.144.225.113,66.113.246.68
web4008,168.144.225.119,66.113.246.69
web4008,168.144.225.120,66.113.246.70
web4008,168.144.225.128,66.113.246.71
web4008,168.144.225.140,66.113.246.72
web4008,168.144.225.147,66.113.246.73
web4008,168.144.225.153,66.113.246.74
web4008,168.144.225.174,66.113.246.75
web4008,168.144.225.191,66.113.246.76
web4008,168.144.225.202,66.113.246.77
web4008,168.144.225.211,66.113.246.78
web4008,168.144.225.222,66.113.246.79
web4008,168.144.225.229,66.113.246.80
web4008,168.144.225.231,66.113.246.81
web4008,168.144.225.245,66.113.246.82
web4008,168.144.224.4,66.113.245.224
web4008,168.144.224.6,66.113.245.225
web4008,168.144.224.10,66.113.245.226
web4008,168.144.224.13,66.113.245.227
web4008,168.144.224.14,66.113.245.228
web4008,168.144.224.16,66.113.245.229
web4008,168.144.224.19,66.113.245.230
web4008,168.144.224.22,66.113.245.231
web4008,168.144.224.24,66.113.245.232
web4008,168.144.224.29,66.113.245.233
web4008,168.144.224.31,66.113.245.234
web4008,168.144.224.34,66.113.245.235
web4008,168.144.224.40,66.113.245.236
web4008,168.144.224.47,66.113.245.237
web4008,168.144.224.55,66.113.245.238
web4008,168.144.224.56,66.113.245.239
web4008,168.144.224.63,66.113.245.240
web4008,168.144.224.67,66.113.245.241
web4008,168.144.224.81,66.113.245.242
web4008,168.144.224.93,66.113.245.243
web4008,168.144.224.96,66.113.245.244
web4008,168.144.224.100,66.113.245.245
web4008,168.144.224.111,66.113.245.246
web4008,168.144.224.114,66.113.245.247
web4008,168.144.224.115,66.113.245.248
web4008,168.144.224.116,66.113.245.249
web4008,168.144.224.118,66.113.245.250
web4008,168.144.224.120,66.113.245.251
web4008,168.144.224.121,66.113.245.252
web4008,168.144.224.122,66.113.245.253
web4008,168.144.224.125,66.113.245.254
web4008,168.144.224.128,66.113.246.8
web4008,168.144.224.129,66.113.246.9
web4008,168.144.224.131,66.113.246.10
web4008,168.144.224.135,66.113.246.11
web4008,168.144.224.136,66.113.246.12
web4008,168.144.224.139,66.113.246.13
web4008,168.144.224.142,66.113.246.14
web4008,168.144.224.143,66.113.246.15
web4008,168.144.224.144,66.113.246.16
web4008,168.144.224.146,66.113.246.17
web4008,168.144.224.147,66.113.246.18
web4008,168.144.224.148,66.113.246.19
web4008,168.144.224.152,66.113.246.20
web4008,168.144.224.153,66.113.246.21
web4008,168.144.224.154,66.113.246.22
web4008,168.144.224.156,66.113.246.23
web4008,168.144.224.158,66.113.246.24
web4008,168.144.224.159,66.113.246.25
web4008,168.144.224.160,66.113.246.26
web4008,168.144.224.163,66.113.246.27
web4008,168.144.224.164,66.113.246.28
web4008,168.144.224.167,66.113.246.29
web4008,168.144.224.169,66.113.246.30
web4008,168.144.224.171,66.113.246.31
web4008,168.144.224.175,66.113.246.32
web4008,168.144.224.178,66.113.246.33
web4008,168.144.224.180,66.113.246.34
web4008,168.144.224.181,66.113.246.35
web4008,168.144.224.186,66.113.246.36
web4008,168.144.224.194,66.113.246.37
web4008,168.144.224.196,66.113.246.38
web4008,168.144.224.198,66.113.246.39
web4008,168.144.224.202,66.113.246.40
web4008,168.144.224.204,66.113.246.41
web4008,168.144.224.208,66.113.246.42
web4008,168.144.224.209,66.113.246.43
web4008,168.144.224.210,66.113.246.44
web4008,168.144.224.212,66.113.246.45
web4008,168.144.224.216,66.113.246.46
web4008,168.144.224.217,66.113.246.47
web4008,168.144.224.220,66.113.246.48
web4008,168.144.224.221,66.113.246.49
web4008,168.144.224.222,66.113.246.50
web4008,168.144.224.226,66.113.246.51
web4008,168.144.224.228,66.113.246.52
web4008,168.144.224.240,66.113.246.53
web4008,168.144.224.249,66.113.246.54
web4008,168.144.224.252,66.113.246.55
web4011,168.144.2.8,66.113.239.9
web4011,168.144.2.12,66.113.239.10
web4011,168.144.2.14,66.113.239.11
web4011,168.144.2.29,66.113.239.12
web4011,168.144.2.36,66.113.239.13
web4011,168.144.2.76,66.113.239.14
web4011,168.144.2.80,66.113.239.15
web4011,168.144.2.112,66.113.239.16
web4011,168.144.2.118,66.113.239.17
web4011,168.144.2.121,66.113.239.18
web4011,168.144.2.141,66.113.239.19
web4011,168.144.2.152,66.113.239.21
web4011,168.144.2.153,66.113.239.22
web4011,168.144.2.160,66.113.239.23
web4011,168.144.2.163,66.113.239.24
web4011,168.144.2.174,66.113.239.25
web4011,168.144.2.187,66.113.239.26
web4011,168.144.3.54,66.113.239.27
web4011,168.144.3.69,66.113.239.28
web4011,168.144.3.130,66.113.239.29
web4011,168.144.3.185,66.113.239.30
web4011,168.144.4.2,66.113.239.31
web4011,168.144.6.16,66.113.239.33
web4011,168.144.6.25,66.113.239.35
web4011,168.144.6.64,66.113.239.36
web4011,168.144.6.87,66.113.239.37
web4011,168.144.6.102,66.113.239.38
web4011,168.144.6.105,66.113.239.39
web4011,168.144.6.113,66.113.239.40
web4011,168.144.6.116,66.113.239.42
web4011,168.144.6.190,66.113.239.44
web4011,168.144.6.210,66.113.239.45
web4011,168.144.6.230,66.113.239.46
web4011,168.144.7.20,66.113.239.47
web4011,168.144.7.34,66.113.239.48
web4011,168.144.7.82,66.113.239.49
web4011,168.144.7.109,66.113.239.50
web4011,168.144.7.155,66.113.239.51
web4011,168.144.7.162,66.113.239.52
web4011,168.144.8.52,66.113.239.53
web4011,168.144.8.245,66.113.239.54
web4011,168.144.8.252,66.113.239.55
web4011,168.144.10.16,66.113.239.56
web4011,168.144.10.22,66.113.239.57
web4011,168.144.10.27,66.113.239.58
web4011,168.144.10.34,66.113.239.59
web4011,168.144.10.157,66.113.239.61
web4011,168.144.10.172,66.113.239.62
web4012,168.144.11.115,66.113.239.63
web4012,168.144.11.119,66.113.239.64
web4012,168.144.11.133,66.113.239.65
web4012,168.144.11.179,66.113.239.66
web4012,168.144.11.188,66.113.239.67
web4012,168.144.11.203,66.113.239.68
web4012,168.144.11.217,66.113.239.69
web4012,168.144.12.9,66.113.239.70
web4012,168.144.12.31,66.113.239.71
web4012,168.144.12.66,66.113.239.72
web4012,168.144.12.73,66.113.239.73
web4012,168.144.12.130,66.113.239.74
web4012,168.144.12.139,66.113.239.75
web4012,168.144.12.164,66.113.239.76
web4012,168.144.12.231,66.113.239.77
web4012,168.144.13.165,66.113.239.79
web4012,168.144.13.167,66.113.239.80
web4012,168.144.13.202,66.113.239.81
web4012,168.144.13.239,66.113.239.82
web4012,168.144.14.17,66.113.239.83
web4012,168.144.14.22,66.113.239.84
web4012,168.144.14.52,66.113.239.85
web4012,168.144.14.67,66.113.239.86
web4012,168.144.14.81,66.113.239.87
web4012,168.144.14.140,66.113.239.89
web4012,168.144.14.149,66.113.239.90
web4012,168.144.14.156,66.113.239.91
web4012,168.144.14.189,66.113.239.92
web4012,168.144.15.8,66.113.239.93
web4012,168.144.15.82,66.113.239.94
web4012,168.144.15.117,66.113.239.95
web4012,168.144.15.174,66.113.239.96
web4012,168.144.15.183,66.113.239.97
web4012,168.144.15.251,66.113.239.98
web4012,168.144.16.29,66.113.239.99
web4012,168.144.16.247,66.113.239.100
web4013,168.144.19.7,66.113.239.101
web4013,168.144.19.10,66.113.239.102
web4013,168.144.19.48,66.113.239.103
web4013,168.144.19.58,66.113.239.104
web4013,168.144.19.70,66.113.239.105
web4013,168.144.19.81,66.113.239.106
web4013,168.144.19.125,66.113.239.107
web4013,168.144.19.127,66.113.239.108
web4013,168.144.19.213,66.113.239.110
web4013,168.144.19.237,66.113.239.111
web4013,168.144.19.245,66.113.239.112
web4013,168.144.20.51,66.113.239.113
web4013,168.144.20.58,66.113.239.114
web4013,168.144.20.158,66.113.239.115
web4013,168.144.20.187,66.113.239.116
web4013,168.144.20.191,66.113.239.117
web4013,168.144.20.194,66.113.239.118
web4013,168.144.20.204,66.113.239.119
web4013,168.144.20.237,66.113.239.120
web4013,168.144.22.55,66.113.239.121
web4013,168.144.22.118,66.113.239.122
web4013,168.144.22.148,66.113.239.123
web4013,168.144.22.153,66.113.239.124
web4013,168.144.22.156,66.113.239.126
web4013,168.144.22.161,66.113.239.127
web4013,168.144.22.183,66.113.239.128
web4013,168.144.22.219,66.113.239.129
web4013,168.144.22.236,66.113.239.130
web4013,168.144.24.38,66.113.239.131
web4013,168.144.24.49,66.113.239.132
web4013,168.144.24.101,66.113.239.133
web4013,168.144.24.102,66.113.239.134
web4013,168.144.24.139,66.113.239.135
web4013,168.144.24.157,66.113.239.137
web4013,168.144.24.182,66.113.239.138
web4013,168.144.24.187,66.113.239.139
web4013,168.144.24.210,66.113.239.140
web4013,168.144.24.247,66.113.239.141
web4013,168.144.25.18,66.113.239.142
web4013,168.144.25.59,66.113.239.144
web4013,168.144.25.73,66.113.239.145
web4013,168.144.25.89,66.113.239.146
web4013,168.144.25.97,66.113.239.147
web4013,168.144.25.103,66.113.239.148
web4013,168.144.25.134,66.113.239.149
web4013,168.144.25.137,66.113.239.150
web4013,168.144.25.169,66.113.239.151
web4013,168.144.26.40,66.113.239.153
web4013,168.144.26.83,66.113.239.154
web4013,168.144.26.88,66.113.239.155
web4013,168.144.26.171,66.113.239.156
web4013,168.144.29.4,66.113.239.157
web4013,168.144.29.39,66.113.239.158
web4013,168.144.29.42,66.113.239.159
web4013,168.144.29.84,66.113.239.161
web4013,168.144.29.106,66.113.239.162
web4013,168.144.29.131,66.113.239.164
web4013,168.144.29.150,66.113.239.165
web4013,168.144.29.176,66.113.239.166
web4013,168.144.29.177,66.113.239.167
web4013,168.144.29.201,66.113.239.168
web4013,168.144.29.203,66.113.239.169
web4014,168.144.30.74,66.113.239.170
web4014,168.144.30.161,66.113.239.171
web4014,168.144.30.203,66.113.239.172
web4014,168.144.30.209,66.113.239.173
web4014,168.144.31.61,66.113.239.174
web4014,168.144.31.114,66.113.239.175
web4014,168.144.31.158,66.113.239.176
web4014,168.144.31.164,66.113.239.177
web4014,168.144.31.165,66.113.239.178
web4014,168.144.31.180,66.113.239.179
web4014,168.144.34.13,66.113.239.181
web4014,168.144.34.27,66.113.239.182
web4014,168.144.34.47,66.113.239.183
web4014,168.144.34.93,66.113.239.184
web4014,168.144.34.113,66.113.239.187
web4014,168.144.34.138,66.113.239.188
web4014,168.144.34.214,66.113.239.189
web4014,168.144.35.28,66.113.239.190
web4014,168.144.35.39,66.113.239.191
web4014,168.144.35.253,66.113.239.194
web4014,168.144.36.23,66.113.239.195
web4014,168.144.36.48,66.113.239.196
web4014,168.144.37.60,66.113.239.198
web4014,168.144.37.92,66.113.239.199
web4014,168.144.37.155,66.113.239.200
web4014,168.144.37.156,66.113.239.201
web4014,168.144.37.190,66.113.239.202
web4014,168.144.37.203,66.113.239.203
web4014,168.144.39.8,66.113.239.204
web4014,168.144.39.19,66.113.239.206
web4014,168.144.39.22,66.113.239.207
web4014,168.144.39.29,66.113.239.208
web4014,168.144.39.50,66.113.239.209
web4014,168.144.39.52,66.113.239.210
web4014,168.144.39.56,66.113.239.211
web4014,168.144.39.57,66.113.239.212
web4014,168.144.39.70,66.113.239.213
web4014,168.144.39.102,66.113.239.214
web4014,168.144.39.110,66.113.239.215
web4014,168.144.39.119,66.113.239.217
web4014,168.144.39.121,66.113.239.218
web4014,168.144.39.130,66.113.239.220
web4014,168.144.39.213,66.113.239.221
web4015,168.144.40.91,66.113.239.222
web4015,168.144.40.168,66.113.239.223
web4015,168.144.40.194,66.113.239.224
web4015,168.144.40.196,66.113.239.225
web4015,168.144.41.9,66.113.239.226
web4015,168.144.41.24,66.113.239.229
web4015,168.144.41.73,66.113.239.230
web4015,168.144.41.86,66.113.239.231
web4015,168.144.41.87,66.113.239.232
web4015,168.144.41.88,66.113.239.233
web4015,168.144.44.10,66.113.239.235
web4015,168.144.44.11,66.113.239.236
web4015,168.144.44.14,66.113.239.237
web4015,168.144.44.80,66.113.239.238
web4015,168.144.44.116,66.113.239.240
web4015,168.144.44.213,66.113.239.243
web4015,168.144.44.250,66.113.239.244
web4015,168.144.45.103,66.113.239.246
web4015,168.144.45.108,66.113.239.247
web4015,168.144.45.164,66.113.239.249
web4015,168.144.45.252,66.113.239.250
web4015,168.144.47.39,66.113.239.251
web4015,168.144.47.61,66.113.239.252
web4015,168.144.47.251,66.113.239.253
web4015,168.144.49.23,66.113.240.9
web4015,168.144.49.78,66.113.240.10
web4015,168.144.49.95,66.113.240.11
web4015,168.144.49.103,66.113.240.12
web4015,168.144.49.120,66.113.240.13
web4015,168.144.49.219,66.113.240.14
web4016,168.144.50.35,66.113.240.15
web4016,168.144.50.130,66.113.240.16
web4016,168.144.50.235,66.113.240.17
web4016,168.144.52.6,66.113.240.18
web4016,168.144.52.23,66.113.240.19
web4016,168.144.52.100,66.113.240.20
web4016,168.144.52.101,66.113.240.21
web4016,168.144.52.106,66.113.240.22
web4016,168.144.52.113,66.113.240.24
web4016,168.144.52.116,66.113.240.25
web4016,168.144.52.160,66.113.240.27
web4016,168.144.52.161,66.113.240.28
web4016,168.144.52.163,66.113.240.29
web4016,168.144.52.175,66.113.240.30
web4016,168.144.52.177,66.113.240.31
web4016,168.144.52.197,66.113.240.32
web4016,168.144.52.229,66.113.240.33
web4016,168.144.53.21,66.113.240.34
web4016,168.144.53.25,66.113.240.35
web4016,168.144.53.59,66.113.240.36
web4016,168.144.53.87,66.113.240.37
web4016,168.144.53.143,66.113.240.38
web4016,168.144.53.172,66.113.240.39
web4016,168.144.54.191,66.113.240.40
web4016,168.144.55.40,66.113.240.41
web4016,168.144.55.49,66.113.240.42
web4016,168.144.55.66,66.113.240.43
web4016,168.144.55.211,66.113.240.44
web4016,168.144.56.41,66.113.240.45
web4016,168.144.56.55,66.113.240.46
web4016,168.144.56.63,66.113.240.47
web4016,168.144.56.75,66.113.240.48
web4016,168.144.56.76,66.113.240.49
web4016,168.144.56.79,66.113.240.50
web4016,168.144.56.164,66.113.240.54
web4016,168.144.56.169,66.113.240.55
web4016,168.144.56.192,66.113.240.56
web4016,168.144.57.31,66.113.240.58
web4016,168.144.57.45,66.113.240.59
web4016,168.144.57.98,66.113.240.61
web4016,168.144.57.127,66.113.240.62
web4016,168.144.57.135,66.113.240.63
web4016,168.144.57.252,66.113.240.64
web4017,168.144.60.9,66.113.240.65
web4017,168.144.60.33,66.113.240.66
web4017,168.144.60.71,66.113.240.68
web4017,168.144.60.77,66.113.240.69
web4017,168.144.60.82,66.113.240.70
web4017,168.144.60.97,66.113.240.71
web4017,168.144.60.101,66.113.240.73
web4017,168.144.60.112,66.113.240.76
web4017,168.144.60.116,66.113.240.77
web4017,168.144.60.122,66.113.240.79
web4017,168.144.60.134,66.113.240.80
web4017,168.144.60.172,66.113.240.81
web4017,168.144.60.200,66.113.240.82
web4017,168.144.60.243,66.113.240.83
web4017,168.144.61.104,66.113.240.84
web4017,168.144.61.161,66.113.240.85
web4017,168.144.61.224,66.113.240.86
web4017,168.144.62.126,66.113.240.88
web4017,168.144.62.140,66.113.240.89
web4017,168.144.62.222,66.113.240.90
web4017,168.144.64.20,66.113.240.91
web4017,168.144.64.98,66.113.240.93
web4017,168.144.64.109,66.113.240.94
web4017,168.144.64.151,66.113.240.96
web4017,168.144.64.207,66.113.240.97
web4017,168.144.64.210,66.113.240.98
web4017,168.144.64.252,66.113.240.99
web4017,168.144.65.35,66.113.240.100
web4017,168.144.65.64,66.113.240.101
web4017,168.144.65.72,66.113.240.102
web4017,168.144.65.82,66.113.240.103
web4017,168.144.65.85,66.113.240.104
web4017,168.144.65.98,66.113.240.105
web4017,168.144.65.218,66.113.240.107
web4017,168.144.66.103,66.113.240.112
web4017,168.144.66.104,66.113.240.113
web4017,168.144.66.118,66.113.240.115
web4017,168.144.66.127,66.113.240.116
web4017,168.144.66.176,66.113.240.117
web4017,168.144.66.192,66.113.240.120
web4017,168.144.66.207,66.113.240.122
web4017,168.144.66.218,66.113.240.123
web4017,168.144.66.233,66.113.240.125
web4017,168.144.69.10,66.113.240.126
web4017,168.144.69.11,66.113.240.127
web4017,168.144.69.25,66.113.240.128
web4017,168.144.69.33,66.113.240.129
web4017,168.144.69.34,66.113.240.130
web4017,168.144.69.35,66.113.240.131
web4017,168.144.69.37,66.113.240.132
web4017,168.144.69.46,66.113.240.133
web4017,168.144.69.49,66.113.240.134
web4017,168.144.69.58,66.113.240.135
web4017,168.144.69.61,66.113.240.136
web4017,168.144.69.81,66.113.240.137
web4017,168.144.69.103,66.113.240.139
web4017,168.144.69.105,66.113.240.140
web4017,168.144.69.106,66.113.240.141
web4017,168.144.69.111,66.113.240.142
web4017,168.144.69.132,66.113.240.144
web4017,168.144.69.138,66.113.240.145
web4017,168.144.69.150,66.113.240.146
web4017,168.144.69.155,66.113.240.147
web4017,168.144.69.210,66.113.240.150
web4017,168.144.69.219,66.113.240.151
web4017,168.144.69.223,66.113.240.152
web4017,168.144.69.248,66.113.240.153
web4017,168.144.69.250,66.113.240.154
web4018,168.144.70.21,66.113.240.155
web4018,168.144.70.25,66.113.240.156
web4018,168.144.70.71,66.113.240.157
web4018,168.144.70.153,66.113.240.158
web4018,168.144.70.212,66.113.240.159
web4018,168.144.70.230,66.113.240.160
web4018,168.144.72.79,66.113.240.161
web4018,168.144.72.181,66.113.240.162
web4018,168.144.73.25,66.113.240.164
web4018,168.144.73.34,66.113.240.165
web4018,168.144.73.58,66.113.240.166
web4018,168.144.73.115,66.113.240.170
web4018,168.144.73.122,66.113.240.171
web4018,168.144.73.125,66.113.240.172
web4018,168.144.73.127,66.113.240.173
web4018,168.144.73.161,66.113.240.174
web4018,168.144.73.187,66.113.240.175
web4018,168.144.73.212,66.113.240.177
web4018,168.144.74.30,66.113.240.179
web4018,168.144.74.34,66.113.240.180
web4018,168.144.74.66,66.113.240.181
web4018,168.144.74.76,66.113.240.182
web4018,168.144.74.97,66.113.240.183
web4018,168.144.74.122,66.113.240.184
web4018,168.144.76.4,66.113.240.186
web4018,168.144.76.104,66.113.240.187
web4018,168.144.76.178,66.113.240.188
web4018,168.144.76.242,66.113.240.189
web4018,168.144.78.18,66.113.240.190
web4018,168.144.78.23,66.113.240.191
web4018,168.144.78.62,66.113.240.192
web4018,168.144.78.86,66.113.240.193
web4018,168.144.78.102,66.113.240.194
web4018,168.144.78.113,66.113.240.195
web4018,168.144.78.122,66.113.240.197
web4018,168.144.78.153,66.113.240.200
web4018,168.144.78.248,66.113.240.201
web4018,168.144.79.13,66.113.240.202
web4018,168.144.79.27,66.113.240.203
web4018,168.144.79.58,66.113.240.204
web4018,168.144.79.181,66.113.240.206
web4018,168.144.79.192,66.113.240.207
web4018,168.144.79.197,66.113.240.208
web4018,168.144.79.218,66.113.240.209
web4018,168.144.79.219,66.113.240.210
web4018,168.144.79.253,66.113.240.211
web4019,168.144.80.105,66.113.240.212
web4019,168.144.80.161,66.113.240.214
web4019,168.144.83.9,66.113.240.215
web4019,168.144.83.15,66.113.240.216
web4019,168.144.83.20,66.113.240.217
web4019,168.144.83.22,66.113.240.218
web4019,168.144.83.28,66.113.240.219
web4019,168.144.83.49,66.113.240.220
web4019,168.144.83.55,66.113.240.221
web4019,168.144.83.56,66.113.240.222
web4019,168.144.83.71,66.113.240.223
web4019,168.144.83.83,66.113.240.224
web4019,168.144.83.90,66.113.240.225
web4019,168.144.83.109,66.113.240.227
web4019,168.144.83.113,66.113.240.230
web4019,168.144.83.151,66.113.240.232
web4019,168.144.83.162,66.113.240.233
web4019,168.144.83.220,66.113.240.234
web4019,168.144.83.251,66.113.240.235
web4019,168.144.84.33,66.113.240.236
web4019,168.144.84.190,66.113.240.237
web4019,168.144.84.240,66.113.240.238
web4019,168.144.86.77,66.113.240.240
web4019,168.144.86.167,66.113.240.241
web4019,168.144.86.184,66.113.240.242
web4019,168.144.86.251,66.113.240.243
web4019,168.144.88.24,66.113.240.244
web4019,168.144.88.38,66.113.240.245
web4019,168.144.88.65,66.113.240.246
web4019,168.144.88.70,66.113.240.247
web4019,168.144.88.72,66.113.240.248
web4019,168.144.88.74,66.113.240.249
web4019,168.144.88.96,66.113.240.251
web4019,168.144.88.106,66.113.240.252
web4019,168.144.88.120,66.113.241.8
web4019,168.144.88.131,66.113.241.11
web4019,168.144.88.166,66.113.241.14
web4019,168.144.88.168,66.113.241.15
web4019,168.144.88.204,66.113.241.16
web4019,168.144.88.206,66.113.241.17
web4020,168.144.89.28,66.113.241.18
web4020,168.144.89.41,66.113.241.19
web4020,168.144.89.47,66.113.241.20
web4020,168.144.89.102,66.113.241.21
web4020,168.144.89.147,66.113.241.22
web4020,168.144.89.152,66.113.241.23
web4020,168.144.89.160,66.113.241.24
web4020,168.144.89.163,66.113.241.25
web4020,168.144.89.240,66.113.241.26
web4020,168.144.90.186,66.113.241.27
web4020,168.144.93.125,66.113.241.29
web4020,168.144.93.134,66.113.241.30
web4020,168.144.93.173,66.113.241.31
web4020,168.144.93.202,66.113.241.32
web4020,168.144.94.23,66.113.241.35
web4020,168.144.94.62,66.113.241.36
web4020,168.144.94.95,66.113.241.37
web4020,168.144.95.9,66.113.241.38
web4020,168.144.95.15,66.113.241.39
web4020,168.144.95.141,66.113.241.40
web4020,168.144.95.177,66.113.241.41
web4020,168.144.95.181,66.113.241.42
web4020,168.144.96.129,66.113.241.43
web4020,168.144.96.151,66.113.241.44
web4020,168.144.96.184,66.113.241.45
web4020,168.144.96.190,66.113.241.46
web4020,168.144.96.227,66.113.241.47
web4020,168.144.96.237,66.113.241.48
web4020,168.144.100.32,66.113.241.49
web4020,168.144.100.58,66.113.241.51
web4020,168.144.100.75,66.113.241.52
web4020,168.144.100.85,66.113.241.53
web4020,168.144.100.152,66.113.241.54
web4020,168.144.100.241,66.113.241.55
web4020,168.144.100.244,66.113.241.56
web4021,168.144.101.21,66.113.241.57
web4021,168.144.101.166,66.113.241.58
web4021,168.144.101.197,66.113.241.59
web4021,168.144.102.47,66.113.241.60
web4021,168.144.102.132,66.113.241.61
web4021,168.144.102.138,66.113.241.62
web4021,168.144.102.188,66.113.241.63
web4021,168.144.103.14,66.113.241.64
web4021,168.144.103.35,66.113.241.66
web4021,168.144.103.48,66.113.241.67
web4021,168.144.103.83,66.113.241.68
web4021,168.144.103.85,66.113.241.69
web4021,168.144.103.88,66.113.241.70
web4021,168.144.103.91,66.113.241.71
web4021,168.144.103.101,66.113.241.73
web4021,168.144.103.136,66.113.241.76
web4021,168.144.103.145,66.113.241.77
web4021,168.144.103.177,66.113.241.78
web4021,168.144.103.188,66.113.241.79
web4021,168.144.103.198,66.113.241.80
web4021,168.144.103.206,66.113.241.81
web4021,168.144.103.251,66.113.241.82
web4021,168.144.104.39,66.113.241.83
web4021,168.144.104.61,66.113.241.84
web4021,168.144.104.130,66.113.241.85
web4021,168.144.111.16,66.113.241.87
web4021,168.144.111.53,66.113.241.88
web4021,168.144.111.101,66.113.241.89
web4021,168.144.111.110,66.113.241.90
web4021,168.144.111.116,66.113.241.91
web4021,168.144.111.141,66.113.241.92
web4021,168.144.111.148,66.113.241.93
web4021,168.144.111.205,66.113.241.95
web4021,168.144.111.208,66.113.241.96
web4021,168.144.111.226,66.113.241.97
web4021,168.144.111.232,66.113.241.98
web4021,168.144.112.78,66.113.241.99
web4021,168.144.112.137,66.113.241.100
web4021,168.144.113.179,66.113.241.102
web4022,168.144.114.118,66.113.241.103
web4022,168.144.114.132,66.113.241.104
web4022,168.144.114.145,66.113.241.105
web4022,168.144.114.175,66.113.241.106
web4022,168.144.114.204,66.113.241.108
web4022,168.144.114.214,66.113.241.109
web4022,168.144.116.26,66.113.241.110
web4022,168.144.116.33,66.113.241.111
web4022,168.144.116.113,66.113.241.113
web4022,168.144.116.175,66.113.241.115
web4022,168.144.116.222,66.113.241.116
web4022,168.144.116.236,66.113.241.117
web4022,168.144.117.13,66.113.241.118
web4022,168.144.117.57,66.113.241.119
web4022,168.144.117.62,66.113.241.120
web4022,168.144.117.130,66.113.241.121
web4022,168.144.117.138,66.113.241.122
web4022,168.144.117.179,66.113.241.123
web4022,168.144.117.216,66.113.241.125
web4022,168.144.117.232,66.113.241.126
web4022,168.144.118.113,66.113.241.128
web4022,168.144.118.188,66.113.241.129
web4022,168.144.121.47,66.113.241.131
web4022,168.144.121.51,66.113.241.132
web4022,168.144.121.58,66.113.241.133
web4022,168.144.121.138,66.113.241.139
web4022,168.144.121.140,66.113.241.140
web4022,168.144.121.206,66.113.241.141
web4022,168.144.122.36,66.113.241.142
web4022,168.144.122.80,66.113.241.143
web4022,168.144.122.96,66.113.241.144
web4022,168.144.122.119,66.113.241.145
web4022,168.144.122.192,66.113.241.146
web4022,168.144.122.206,66.113.241.147
web4022,168.144.122.224,66.113.241.148
web4022,168.144.123.201,66.113.241.149
web4023,168.144.126.2,66.113.241.150
web4023,168.144.126.7,66.113.241.151
web4023,168.144.126.31,66.113.241.152
web4023,168.144.126.32,66.113.241.153
web4023,168.144.126.48,66.113.241.154
web4023,168.144.126.63,66.113.241.155
web4023,168.144.126.82,66.113.241.156
web4023,168.144.126.85,66.113.241.157
web4023,168.144.126.136,66.113.241.159
web4023,168.144.126.243,66.113.241.160
web4023,168.144.126.251,66.113.241.161
web4023,168.144.127.7,66.113.241.162
web4023,168.144.127.56,66.113.241.163
web4023,168.144.127.200,66.113.241.165
web4023,168.144.127.203,66.113.241.166
web4023,168.144.127.204,66.113.241.167
web4023,168.144.128.56,66.113.241.168
web4023,168.144.128.104,66.113.241.169
web4023,168.144.128.238,66.113.241.170
web4023,168.144.128.244,66.113.241.171
web4023,168.144.131.2,66.113.241.172
web4023,168.144.131.14,66.113.241.173
web4023,168.144.131.24,66.113.241.174
web4023,168.144.131.32,66.113.241.175
web4023,168.144.131.33,66.113.241.176
web4023,168.144.131.37,66.113.241.177
web4023,168.144.131.67,66.113.241.178
web4023,168.144.131.75,66.113.241.179
web4023,168.144.131.84,66.113.241.180
web4023,168.144.131.85,66.113.241.181
web4023,168.144.131.119,66.113.241.182
web4023,168.144.131.223,66.113.241.184
web4023,168.144.132.12,66.113.241.185
web4023,168.144.132.97,66.113.241.186
web4023,168.144.132.108,66.113.241.187
web4023,168.144.132.146,66.113.241.188
web4023,168.144.133.22,66.113.241.189
web4023,168.144.133.70,66.113.241.190
web4023,168.144.136.3,66.113.241.191
web4023,168.144.136.15,66.113.241.192
web4023,168.144.136.26,66.113.241.193
web4023,168.144.136.62,66.113.241.194
web4023,168.144.136.64,66.113.241.195
web4023,168.144.136.70,66.113.241.196
web4023,168.144.136.71,66.113.241.197
web4023,168.144.136.89,66.113.241.199
web4023,168.144.136.93,66.113.241.200
web4023,168.144.136.111,66.113.241.201
web4023,168.144.136.163,66.113.241.204
web4023,168.144.136.191,66.113.241.205
web4023,168.144.136.202,66.113.241.206
web4024,168.144.137.43,66.113.241.208
web4024,168.144.137.72,66.113.241.209
web4024,168.144.137.157,66.113.241.210
web4024,168.144.137.227,66.113.241.211
web4024,168.144.139.58,66.113.241.212
web4024,168.144.139.76,66.113.241.213
web4024,168.144.139.120,66.113.241.214
web4024,168.144.139.181,66.113.241.215
web4024,168.144.139.183,66.113.241.216
web4024,168.144.139.195,66.113.241.217
web4024,168.144.139.204,66.113.241.218
web4024,168.144.139.227,66.113.241.219
web4024,168.144.139.249,66.113.241.221
web4024,168.144.139.252,66.113.241.222
web4024,168.144.141.16,66.113.241.223
web4024,168.144.141.57,66.113.241.224
web4024,168.144.141.64,66.113.241.225
web4024,168.144.141.117,66.113.241.227
web4024,168.144.141.163,66.113.241.229
web4024,168.144.141.168,66.113.241.230
web4024,168.144.141.172,66.113.241.231
web4024,168.144.141.187,66.113.241.232
web4024,168.144.141.191,66.113.241.233
web4024,168.144.142.50,66.113.241.236
web4024,168.144.142.172,66.113.241.237
web4024,168.144.142.251,66.113.241.238
web4024,168.144.143.207,66.113.241.239
web4024,168.144.143.235,66.113.241.240
web4024,168.144.145.3,66.113.241.241
web4024,168.144.145.32,66.113.241.242
web4024,168.144.145.58,66.113.241.243
web4024,168.144.145.70,66.113.241.244
web4024,168.144.145.73,66.113.241.245
web4024,168.144.145.74,66.113.241.246
web4024,168.144.145.96,66.113.241.247
web4024,168.144.145.170,66.113.241.248
web4024,168.144.146.14,66.113.241.249
web4024,168.144.146.22,66.113.241.250
web4024,168.144.146.58,66.113.241.251
web4024,168.144.146.147,66.113.241.252
web4025,168.144.153.36,66.113.242.52
web4025,168.144.153.50,66.113.242.53
web4025,168.144.153.128,66.113.242.54
web4025,168.144.153.143,66.113.242.55
web4025,168.144.153.161,66.113.242.56
web4025,168.144.153.201,66.113.242.57
web4025,168.144.153.216,66.113.242.58
web4025,168.144.153.229,66.113.242.59
web4025,168.144.153.238,66.113.242.60
web4025,168.144.153.246,66.113.242.61
web4025,168.144.153.252,66.113.242.62
web4025,168.144.148.54,66.113.241.254
web4025,168.144.148.61,66.113.242.8
web4025,168.144.148.64,66.113.242.9
web4025,168.144.148.70,66.113.242.10
web4025,168.144.148.103,66.113.242.11
web4025,168.144.148.112,66.113.242.14
web4025,168.144.148.117,66.113.242.16
web4025,168.144.148.120,66.113.242.18
web4025,168.144.148.137,66.113.242.21
web4025,168.144.148.193,66.113.242.24
web4025,168.144.148.198,66.113.242.25
web4025,168.144.148.208,66.113.242.29
web4025,168.144.148.224,66.113.242.30
web4025,168.144.150.33,66.113.242.35
web4025,168.144.150.94,66.113.242.36
web4025,168.144.150.114,66.113.242.37
web4025,168.144.150.181,66.113.242.38
web4025,168.144.156.21,66.113.242.67
web4025,168.144.156.28,66.113.242.68
web4025,168.144.156.39,66.113.242.69
web4025,168.144.156.52,66.113.242.70
web4025,168.144.156.71,66.113.242.71
web4025,168.144.156.83,66.113.242.72
web4025,168.144.156.84,66.113.242.73
web4025,168.144.156.97,66.113.242.74
web4025,168.144.156.99,66.113.242.75
web4025,168.144.156.116,66.113.242.76
web4025,168.144.156.123,66.113.242.78
web4025,168.144.156.158,66.113.242.80
web4025,168.144.156.223,66.113.242.81
web4025,168.144.156.235,66.113.242.82
web4025,168.144.156.243,66.113.242.84
web4025,168.144.149.110,66.113.242.31
web4025,168.144.149.173,66.113.242.32
web4025,168.144.149.188,66.113.242.33
web4025,168.144.149.229,66.113.242.34
web4025,168.144.152.3,66.113.242.39
web4025,168.144.152.5,66.113.242.40
web4025,168.144.152.11,66.113.242.41
web4025,168.144.152.52,66.113.242.43
web4025,168.144.152.63,66.113.242.44
web4025,168.144.152.87,66.113.242.45
web4025,168.144.152.88,66.113.242.46
web4025,168.144.152.123,66.113.242.47
web4025,168.144.152.124,66.113.242.48
web4025,168.144.152.165,66.113.242.49
web4025,168.144.152.188,66.113.242.50
web4025,168.144.152.200,66.113.242.51
web4025,168.144.154.10,66.113.242.63
web4025,168.144.154.176,66.113.242.64
web4025,168.144.154.181,66.113.242.65
web4025,168.144.154.183,66.113.242.66
web4026,168.144.157.93,66.113.242.85
web4026,168.144.157.125,66.113.242.86
web4026,168.144.157.174,66.113.242.87
web4026,168.144.157.200,66.113.242.88
web4026,168.144.158.232,66.113.242.89
web4026,168.144.160.38,66.113.242.90
web4026,168.144.160.83,66.113.242.91
web4026,168.144.160.84,66.113.242.92
web4026,168.144.160.92,66.113.242.93
web4026,168.144.160.107,66.113.242.94
web4026,168.144.160.158,66.113.242.95
web4026,168.144.160.163,66.113.242.96
web4026,168.144.160.168,66.113.242.97
web4026,168.144.160.172,66.113.242.98
web4026,168.144.160.192,66.113.242.99
web4026,168.144.160.196,66.113.242.100
web4026,168.144.161.13,66.113.242.101
web4026,168.144.161.37,66.113.242.102
web4026,168.144.161.61,66.113.242.103
web4026,168.144.161.76,66.113.242.104
web4026,168.144.161.83,66.113.242.105
web4026,168.144.161.123,66.113.242.106
web4026,168.144.161.129,66.113.242.107
web4026,168.144.161.153,66.113.242.108
web4026,168.144.161.155,66.113.242.109
web4026,168.144.161.168,66.113.242.110
web4026,168.144.161.190,66.113.242.111
web4026,168.144.161.220,66.113.242.112
web4026,168.144.161.232,66.113.242.113
web4026,168.144.162.41,66.113.242.114
web4026,168.144.162.160,66.113.242.115
web4026,168.144.162.199,66.113.242.116
web4026,168.144.162.248,66.113.242.117
web4026,168.144.162.250,66.113.242.118
web4026,168.144.163.7,66.113.242.119
web4026,168.144.163.91,66.113.242.120
web4026,168.144.163.119,66.113.242.121
web4026,168.144.163.147,66.113.242.122
web4026,168.144.163.149,66.113.242.123
web4026,168.144.163.225,66.113.242.124
web4026,168.144.164.43,66.113.242.125
web4026,168.144.164.64,66.113.242.127
web4026,168.144.164.100,66.113.242.128
web4026,168.144.164.103,66.113.242.129
web4026,168.144.164.131,66.113.242.130
web4026,168.144.164.144,66.113.242.131
web4026,168.144.164.202,66.113.242.132
web4027,168.144.165.10,66.113.242.133
web4027,168.144.165.46,66.113.242.134
web4027,168.144.165.58,66.113.242.135
web4027,168.144.165.76,66.113.242.136
web4027,168.144.165.117,66.113.242.137
web4027,168.144.165.130,66.113.242.138
web4027,168.144.165.203,66.113.242.139
web4027,168.144.165.233,66.113.242.140
web4027,168.144.167.183,66.113.242.142
web4027,168.144.168.8,66.113.242.143
web4027,168.144.168.116,66.113.242.145
web4027,168.144.168.143,66.113.242.146
web4027,168.144.168.149,66.113.242.147
web4027,168.144.168.163,66.113.242.149
web4027,168.144.168.195,66.113.242.151
web4027,168.144.168.205,66.113.242.152
web4027,168.144.168.218,66.113.242.153
web4027,168.144.169.23,66.113.242.157
web4027,168.144.169.45,66.113.242.158
web4027,168.144.169.105,66.113.242.159
web4027,168.144.169.229,66.113.242.160
web4027,168.144.169.253,66.113.242.161
web4027,168.144.172.22,66.113.242.162
web4027,168.144.172.53,66.113.242.163
web4027,168.144.172.58,66.113.242.164
web4027,168.144.172.70,66.113.242.165
web4027,168.144.172.94,66.113.242.166
web4027,168.144.172.105,66.113.242.168
web4027,168.144.172.114,66.113.242.169
web4027,168.144.172.120,66.113.242.170
web4027,168.144.172.130,66.113.242.172
web4027,168.144.172.195,66.113.242.173
web4027,168.144.173.14,66.113.242.174
web4027,168.144.173.18,66.113.242.175
web4027,168.144.173.128,66.113.242.176
web4027,168.144.173.140,66.113.242.177
web4027,168.144.173.161,66.113.242.178
web4027,168.144.173.238,66.113.242.180
web4028,168.144.174.117,66.113.242.181
web4028,168.144.174.158,66.113.242.182
web4028,168.144.174.186,66.113.242.183
web4028,168.144.174.201,66.113.242.184
web4028,168.144.174.207,66.113.242.185
web4028,168.144.174.239,66.113.242.186
web4028,168.144.176.7,66.113.242.187
web4028,168.144.176.18,66.113.242.189
web4028,168.144.176.74,66.113.242.191
web4028,168.144.176.79,66.113.242.192
web4028,168.144.176.88,66.113.242.193
web4028,168.144.176.204,66.113.242.197
web4028,168.144.177.92,66.113.242.199
web4028,168.144.177.130,66.113.242.200
web4028,168.144.177.153,66.113.242.201
web4028,168.144.177.208,66.113.242.202
web4028,168.144.177.249,66.113.242.203
web4028,168.144.178.55,66.113.242.204
web4028,168.144.178.180,66.113.242.206
web4028,168.144.178.203,66.113.242.207
web4028,168.144.180.2,66.113.242.208
web4028,168.144.180.32,66.113.242.209
web4028,168.144.180.41,66.113.242.210
web4028,168.144.180.67,66.113.242.211
web4028,168.144.180.84,66.113.242.212
web4028,168.144.180.100,66.113.242.213
web4028,168.144.180.108,66.113.242.214
web4028,168.144.181.18,66.113.242.215
web4028,168.144.181.49,66.113.242.216
web4028,168.144.181.52,66.113.242.217
web4028,168.144.181.107,66.113.242.218
web4029,168.144.182.18,66.113.242.219
web4029,168.144.182.64,66.113.242.220
web4029,168.144.182.174,66.113.242.221
web4029,168.144.182.193,66.113.242.222
web4029,168.144.182.224,66.113.242.223
web4029,168.144.182.253,66.113.242.224
web4029,168.144.184.13,66.113.242.225
web4029,168.144.184.32,66.113.242.227
web4029,168.144.184.33,66.113.242.228
web4029,168.144.184.35,66.113.242.229
web4029,168.144.184.48,66.113.242.230
web4029,168.144.184.56,66.113.242.231
web4029,168.144.184.85,66.113.242.232
web4029,168.144.184.112,66.113.242.237
web4029,168.144.184.117,66.113.242.238
web4029,168.144.184.156,66.113.242.240
web4029,168.144.184.165,66.113.242.241
web4029,168.144.184.248,66.113.242.245
web4029,168.144.185.72,66.113.242.247
web4029,168.144.185.151,66.113.242.248
web4029,168.144.185.164,66.113.242.249
web4029,168.144.185.185,66.113.242.250
web4029,168.144.185.199,66.113.242.251
web4029,168.144.186.28,66.113.242.253
web4029,168.144.186.43,66.113.242.254
web4029,168.144.186.79,66.113.243.8
web4029,168.144.186.112,66.113.243.9
web4029,168.144.186.173,66.113.243.10
web4029,168.144.188.2,66.113.243.12
web4029,168.144.188.15,66.113.243.14
web4029,168.144.188.23,66.113.243.15
web4029,168.144.188.25,66.113.243.16
web4029,168.144.188.28,66.113.243.17
web4029,168.144.188.34,66.113.243.18
web4029,168.144.188.44,66.113.243.19
web4029,168.144.188.48,66.113.243.20
web4029,168.144.188.67,66.113.243.21
web4029,168.144.188.70,66.113.243.22
web4029,168.144.188.79,66.113.243.23
web4029,168.144.188.160,66.113.243.25
web4029,168.144.188.178,66.113.243.27
web4029,168.144.188.199,66.113.243.28
web4029,168.144.188.210,66.113.243.29
web4029,168.144.188.221,66.113.243.30
web4029,168.144.188.227,66.113.243.31
web4029,168.144.188.228,66.113.243.32
web4029,168.144.188.238,66.113.243.33
web4029,168.144.189.24,66.113.243.34
web4029,168.144.189.50,66.113.243.35
web4029,168.144.189.65,66.113.243.36
web4029,168.144.189.85,66.113.243.37
web4029,168.144.189.143,66.113.243.38
web4029,168.144.189.156,66.113.243.39
web4029,168.144.189.187,66.113.243.41
web4029,168.144.189.191,66.113.243.42
web4029,168.144.189.201,66.113.243.43
web4029,168.144.190.58,66.113.243.44
web4029,168.144.190.139,66.113.243.45
web4029,168.144.190.141,66.113.243.46
web4029,168.144.190.142,66.113.243.47
web4029,168.144.190.247,66.113.243.48
web4029,168.144.190.253,66.113.243.49
web4030,168.144.192.6,66.113.243.50
web4030,168.144.192.14,66.113.243.52
web4030,168.144.192.24,66.113.243.53
web4030,168.144.192.38,66.113.243.54
web4030,168.144.192.54,66.113.243.55
web4030,168.144.192.56,66.113.243.56
web4030,168.144.192.83,66.113.243.57
web4030,168.144.192.98,66.113.243.58
web4030,168.144.192.115,66.113.243.62
web4030,168.144.192.122,66.113.243.63
web4030,168.144.192.127,66.113.243.64
web4030,168.144.192.135,66.113.243.65
web4030,168.144.192.211,66.113.243.68
web4030,168.144.192.228,66.113.243.69
web4030,168.144.192.247,66.113.243.70
web4030,168.144.193.31,66.113.243.71
web4030,168.144.193.67,66.113.243.72
web4030,168.144.193.131,66.113.243.73
web4030,168.144.193.228,66.113.243.74
web4030,168.144.193.253,66.113.243.75
web4030,168.144.194.21,66.113.243.76
web4030,168.144.194.49,66.113.243.77
web4030,168.144.194.97,66.113.243.78
web4030,168.144.194.117,66.113.243.79
web4030,168.144.194.149,66.113.243.80
web4030,168.144.194.156,66.113.243.81
web4030,168.144.194.180,66.113.243.82
web4030,168.144.194.225,66.113.243.83
web4030,168.144.194.241,66.113.243.84
web4030,168.144.199.19,66.113.243.85
web4030,168.144.199.42,66.113.243.88
web4030,168.144.199.49,66.113.243.89
web4030,168.144.199.84,66.113.243.90
web4030,168.144.199.94,66.113.243.91
web4030,168.144.199.105,66.113.243.94
web4030,168.144.199.112,66.113.243.95
web4030,168.144.199.152,66.113.243.96
web4030,168.144.200.8,66.113.243.98
web4030,168.144.200.48,66.113.243.99
web4030,168.144.200.74,66.113.243.100
web4030,168.144.200.123,66.113.243.101
web4030,168.144.200.128,66.113.243.102
web4030,168.144.200.132,66.113.243.103
web4030,168.144.200.152,66.113.243.104
web4030,168.144.200.155,66.113.243.105
web4030,168.144.200.159,66.113.243.106
web4030,168.144.200.215,66.113.243.107
web4030,168.144.201.10,66.113.243.108
web4030,168.144.201.30,66.113.243.109
web4030,168.144.201.47,66.113.243.110
web4030,168.144.201.95,66.113.243.111
web4030,168.144.201.119,66.113.243.112
web4030,168.144.204.11,66.113.243.113
web4030,168.144.204.16,66.113.243.114
web4030,168.144.204.21,66.113.243.115
web4030,168.144.204.35,66.113.243.116
web4030,168.144.204.56,66.113.243.118
web4030,168.144.204.58,66.113.243.119
web4030,168.144.204.59,66.113.243.120
web4030,168.144.204.91,66.113.243.121
web4030,168.144.204.107,66.113.243.123
web4030,168.144.204.109,66.113.243.124
web4030,168.144.204.123,66.113.243.126
web4030,168.144.204.136,66.113.243.128
web4030,168.144.204.173,66.113.243.130
web4030,168.144.204.183,66.113.243.131
web4030,168.144.204.201,66.113.243.132
web4031,168.144.205.50,66.113.243.133
web4031,168.144.205.60,66.113.243.134
web4031,168.144.205.62,66.113.243.135
web4031,168.144.205.169,66.113.243.136
web4031,168.144.206.33,66.113.243.137
web4031,168.144.206.46,66.113.243.138
web4031,168.144.206.102,66.113.243.139
web4031,168.144.206.107,66.113.243.140
web4031,168.144.206.118,66.113.243.141
web4031,168.144.206.175,66.113.243.142
web4031,168.144.206.199,66.113.243.143
web4031,168.144.206.237,66.113.243.144
web4097,168.144.249.94,66.113.247.23
web4097,168.144.249.95,66.113.247.24
